Borough,Neighbourhood,City,Latitude,Longitude,Cluster Labels,1st Most Common Venue,2nd Most Common Venue,3rd Most Common Venue,4th Most Common Venue,5th Most Common Venue,6th Most Common Venue,7th Most Common Venue,8th Most Common Venue,9th Most Common Venue,10th Most Common Venue
Bronx,Wakefield,1,40.89470518,-73.84720052,2,Pharmacy,Caribbean Restaurant,Gas Station,Fast Food Restaurant,Donut Shop,Supermarket,Cosmetics Shop,Fried Chicken Joint,Metro Station,General Eating
Bronx,Co-op City,1,40.87429419,-73.82993911,2,Pizza Place,Department Store,Mobile Phone Shop,Shopping Mall,Shoe Store,BBQ Joint,Pharmacy,Clothing Store,Mattress Store,Donut Shop
Bronx,Eastchester,1,40.88755568,-73.82780645,2,Caribbean Restaurant,Grocery Store,Diner,Fast Food Restaurant,Shopping Mall,Bus Station,Sandwich Place,Donut Shop,Asian Restaurant,Discount Store
Bronx,Fieldston,1,40.89543743,-73.9056426,2,Deli / Bodega,Pizza Place,Bus Station,Sandwich Place,Bank,Bar,Tapas Restaurant,Plaza,Mexican Restaurant,Shopping Mall
Bronx,Riverdale,1,40.89083449,-73.91258546,2,Pizza Place,Bank,Japanese Restaurant,Playground,Plaza,Diner,Coffee Shop,Mexican Restaurant,Bar,Park
Bronx,Kingsbridge,1,40.88168737,-73.90281799,2,Pizza Place,Mexican Restaurant,Bar,Donut Shop,Coffee Shop,Sandwich Place,Diner,Bank,Supermarket,Trail
Manhattan,Marble Hill,1,40.87655078,-73.91065966,2,Park,Mexican Restaurant,Sandwich Place,Café,Spanish Restaurant,Pizza Place,Supermarket,Donut Shop,Bus Station,Supplement Shop
Bronx,Woodlawn,1,40.89827261,-73.86731497,2,Pub,Bar,Deli / Bodega,Pizza Place,Discount Store,Bank,Baseball Field,Donut Shop,Italian Restaurant,Track
Bronx,Norwood,1,40.87722416,-73.87939074,2,Pizza Place,Spanish Restaurant,Bank,Donut Shop,Chinese Restaurant,Supermarket,Pharmacy,Park,Fast Food Restaurant,Diner
Bronx,Williamsbridge,1,40.88103888,-73.85744643,2,Caribbean Restaurant,Pizza Place,Sandwich Place,Discount Store,Gym,Bus Station,Bakery,Pet Store,Seafood Restaurant,Pharmacy
Bronx,Baychester,1,40.86685811,-73.8357976,2,Clothing Store,Pharmacy,Department Store,Shopping Mall,Sandwich Place,Discount Store,Intersection,Bus Station,Fried Chicken Joint,Donut Shop
Bronx,Pelham Parkway,1,40.8574135,-73.85475564,2,Pizza Place,Deli / Bodega,Donut Shop,Chinese Restaurant,Italian Restaurant,Pharmacy,Bank,Bakery,Sandwich Place,Supermarket
Bronx,City Island,1,40.8472467,-73.78648845,1,Harbor / Marina,Seafood Restaurant,Italian Restaurant,American Restaurant,Bar,Park,Boat or Ferry,Thrift / Vintage Store,Latin American Restaurant,Hobby Shop
Bronx,Bedford Park,1,40.87018516,-73.88551218,2,Pizza Place,Park,Diner,Café,Supermarket,Chinese Restaurant,Baseball Field,Bank,Deli / Bodega,Sandwich Place
Bronx,University Heights,1,40.85572708,-73.91041596,2,Grocery Store,Pizza Place,Donut Shop,Supermarket,Spanish Restaurant,Fried Chicken Joint,Latin American Restaurant,Sandwich Place,Fast Food Restaurant,Bank
Bronx,Morris Heights,1,40.84789793,-73.91967159,2,Pizza Place,Deli / Bodega,Food Truck,Supermarket,Grocery Store,Pharmacy,Fried Chicken Joint,Chinese Restaurant,Latin American Restaurant,Fast Food Restaurant
Bronx,Fordham,1,40.8609968,-73.89642656,2,Italian Restaurant,Pizza Place,Spanish Restaurant,Mobile Phone Shop,Coffee Shop,Deli / Bodega,Diner,Liquor Store,Donut Shop,Park
Bronx,East Tremont,1,40.84269616,-73.88735618,2,Pizza Place,Donut Shop,Fast Food Restaurant,Park,Zoo Exhibit,Sandwich Place,Shoe Store,Bus Station,Supermarket,Bank
Bronx,West Farms,1,40.83947506,-73.87774475,2,Pizza Place,Donut Shop,Bus Station,Park,Zoo,Fried Chicken Joint,Shoe Store,Lounge,Liquor Store,Scenic Lookout
Bronx,High  Bridge,1,40.83662301,-73.92610209,1,Lounge,Baseball Stadium,Historic Site,Park,Sandwich Place,Chinese Restaurant,Plaza,Track,Gas Station,BBQ Joint
Bronx,Melrose,1,40.81975437,-73.90942161,2,Mexican Restaurant,Pizza Place,Sandwich Place,Supermarket,Donut Shop,Pharmacy,Gym,Kids Store,Fried Chicken Joint,Bus Station
Bronx,Mott Haven,1,40.80623875,-73.91609987,2,Pizza Place,Mexican Restaurant,Donut Shop,Discount Store,Food Truck,Fast Food Restaurant,Supermarket,Grocery Store,Deli / Bodega,Gym
Bronx,Port Morris,1,40.80166363,-73.91322139,2,Baseball Field,Donut Shop,Pizza Place,Bus Station,Brewery,Storage Facility,Gym,Grocery Store,Mobile Phone Shop,General Eating
Bronx,Longwood,1,40.81509905,-73.8957882,2,Fast Food Restaurant,Sandwich Place,Donut Shop,Pizza Place,Pharmacy,Grocery Store,Discount Store,Chinese Restaurant,Latin American Restaurant,Metro Station
Bronx,Hunts Point,1,40.80972988,-73.88331506,1,Park,Seafood Restaurant,Bakery,Pool,Spanish Restaurant,General Eating,Farmers Market,Gourmet Shop,Grocery Store,Market
Bronx,Morrisania,1,40.82359199,-73.90150649,2,Fast Food Restaurant,Pharmacy,Discount Store,Grocery Store,Donut Shop,Sandwich Place,Mobile Phone Shop,Gym,Pizza Place,Supermarket
Bronx,Soundview,1,40.8210122,-73.8657461,2,Supermarket,Fried Chicken Joint,Fast Food Restaurant,Breakfast Spot,Clothing Store,Park,Donut Shop,Chinese Restaurant,Mobile Phone Shop,Deli / Bodega
Bronx,Clason Point,1,40.80655112,-73.85414416,2,Park,Deli / Bodega,Gym / Fitness Center,Discount Store,Boat or Ferry,Bus Station,Pool,Fabric Shop,Factory,Falafel Restaurant
Bronx,Throgs Neck,1,40.81510926,-73.81635002,2,Italian Restaurant,Deli / Bodega,Coffee Shop,Pizza Place,Donut Shop,Pub,Beach,Bar,Park,Asian Restaurant
Bronx,Country Club,1,40.84424594,-73.82409927,2,Deli / Bodega,Italian Restaurant,Pizza Place,Sandwich Place,Bakery,Bank,Chinese Restaurant,Bus Station,Donut Shop,Dive Bar
Bronx,Parkchester,1,40.83793782,-73.85600311,2,Pizza Place,Supermarket,Sandwich Place,Spanish Restaurant,Donut Shop,Bank,Latin American Restaurant,Diner,Gym,American Restaurant
Bronx,Westchester Square,1,40.8406195,-73.84219408,2,Donut Shop,Bar,Fast Food Restaurant,Sandwich Place,Pizza Place,Pharmacy,Bus Line,General Eating,Baseball Field,Supermarket
Bronx,Van Nest,1,40.84360847,-73.86629918,2,Supermarket,Pizza Place,Park,Women's Store,Bus Station,Donut Shop,Zoo,Gym,Playground,Bus Stop
Bronx,Morris Park,1,40.84754906,-73.85040178,2,Pizza Place,Sandwich Place,Pharmacy,Italian Restaurant,Bank,Donut Shop,Coffee Shop,Fast Food Restaurant,Bar,Gym
Bronx,Belmont,1,40.8572771,-73.88845196,2,Italian Restaurant,Pizza Place,Bakery,Deli / Bodega,Zoo,Shoe Store,Café,Latin American Restaurant,Dessert Shop,Food & Drink Shop
Bronx,Spuyten Duyvil,1,40.88139498,-73.91719048,2,Park,Pharmacy,Pizza Place,Deli / Bodega,Thai Restaurant,Bank,Sandwich Place,Diner,Café,Mexican Restaurant
Bronx,North Riverdale,1,40.90854283,-73.90453055,2,Pizza Place,Deli / Bodega,Bus Station,Coffee Shop,Sushi Restaurant,Sandwich Place,Italian Restaurant,Bank,Pool,Burger Joint
Bronx,Pelham Bay,1,40.85064141,-73.83207378,2,Donut Shop,Fast Food Restaurant,Italian Restaurant,Convenience Store,Bakery,Bank,Pizza Place,Deli / Bodega,Sandwich Place,Gym / Fitness Center
Bronx,Schuylerville,1,40.82657952,-73.82620276,2,Italian Restaurant,Pizza Place,Mexican Restaurant,American Restaurant,Pharmacy,Bar,Diner,Donut Shop,Sushi Restaurant,Fast Food Restaurant
Bronx,Edgewater Park,1,40.82198612,-73.81388514,2,Italian Restaurant,Pizza Place,Bar,Deli / Bodega,Sushi Restaurant,Donut Shop,Coffee Shop,Harbor / Marina,Asian Restaurant,Sandwich Place
Bronx,Castle Hill,1,40.81901438,-73.8480273,2,Bus Stop,Deli / Bodega,Supermarket,Diner,Bank,Baseball Field,Pizza Place,Photography Studio,Liquor Store,Pharmacy
Bronx,Olinville,1,40.87137078,-73.86332362,2,Pizza Place,Donut Shop,Sandwich Place,Fast Food Restaurant,Pharmacy,Caribbean Restaurant,Deli / Bodega,Supermarket,General Eating,Convenience Store
Bronx,Pelham Gardens,1,40.86296562,-73.84161195,2,Donut Shop,Deli / Bodega,Pharmacy,Sandwich Place,Caribbean Restaurant,Pizza Place,Mattress Store,Historic Site,Hardware Store,Bakery
Bronx,Concourse,1,40.83428381,-73.91558942,2,Deli / Bodega,Pizza Place,Supermarket,Gym,Ice Cream Shop,Donut Shop,Sandwich Place,Pharmacy,Bus Station,Park
Bronx,Unionport,1,40.8297743,-73.85053524,2,Pizza Place,Supermarket,Spanish Restaurant,Chinese Restaurant,Donut Shop,Bank,Sandwich Place,Diner,Deli / Bodega,Mobile Phone Shop
Bronx,Edenwald,1,40.8845613,-73.84808272,2,Fast Food Restaurant,Pizza Place,Caribbean Restaurant,Supermarket,Convenience Store,Pharmacy,Donut Shop,Sandwich Place,Gas Station,Fried Chicken Joint
Brooklyn,Bay Ridge,1,40.62580107,-74.03062069,1,Spa,Italian Restaurant,Pizza Place,Greek Restaurant,Cosmetics Shop,American Restaurant,Chinese Restaurant,Coffee Shop,Bar,Bagel Shop
Brooklyn,Bensonhurst,1,40.6110089,-73.99517998,2,Bank,Pizza Place,Bakery,Pharmacy,Italian Restaurant,Donut Shop,Japanese Restaurant,Bagel Shop,Sushi Restaurant,Chinese Restaurant
Brooklyn,Sunset Park,1,40.64510295,-74.01031619,2,Mexican Restaurant,Bakery,Pizza Place,Chinese Restaurant,Bank,Latin American Restaurant,Tea Room,Asian Restaurant,Vietnamese Restaurant,Café
Brooklyn,Greenpoint,1,40.73020098,-73.95424093,1,Bar,Coffee Shop,Cocktail Bar,Café,Yoga Studio,Pizza Place,Bakery,Polish Restaurant,Thrift / Vintage Store,French Restaurant
Brooklyn,Gravesend,1,40.59526001,-73.97347088,2,Pizza Place,Bakery,Donut Shop,Supermarket,Pool Hall,Café,Chinese Restaurant,Pharmacy,Bar,Bank
Brooklyn,Brighton Beach,1,40.57682507,-73.96509449,1,Beach,General Eating,Bakery,Pharmacy,Café,Eastern European Restaurant,Aquarium,Supermarket,Food Truck,Sushi Restaurant
Brooklyn,Sheepshead Bay,1,40.58689013,-73.9431864,2,Russian Restaurant,Sushi Restaurant,Italian Restaurant,Café,Turkish Restaurant,Sandwich Place,Pizza Place,Grocery Store,Dessert Shop,Bank
Brooklyn,Manhattan Terrace,1,40.61443251,-73.95743841,2,Pizza Place,Bank,Donut Shop,Pharmacy,Bagel Shop,Sushi Restaurant,Gym / Fitness Center,Fast Food Restaurant,Grocery Store,Mobile Phone Shop
Brooklyn,Flatbush,1,40.63632589,-73.95840107,1,Caribbean Restaurant,Pizza Place,Coffee Shop,Mexican Restaurant,Bar,Café,General Eating,Ice Cream Shop,Juice Bar,Thai Restaurant
Brooklyn,Crown Heights,1,40.67082918,-73.94329119,1,Café,Caribbean Restaurant,Pizza Place,Grocery Store,Southern / Soul Food Restaurant,Coffee Shop,Bakery,Deli / Bodega,Bagel Shop,Bar
Brooklyn,East Flatbush,1,40.64171777,-73.93610256,2,Caribbean Restaurant,Discount Store,Supermarket,Hardware Store,Music Venue,Farmers Market,Park,Liquor Store,General Eating,Lounge
Brooklyn,Kensington,1,40.64238196,-73.98042111,2,Pizza Place,Grocery Store,Café,Thai Restaurant,Mexican Restaurant,Pharmacy,Deli / Bodega,Gas Station,Ice Cream Shop,Spa
Brooklyn,Windsor Terrace,1,40.65694584,-73.9800734,1,Café,Park,Italian Restaurant,Coffee Shop,Bar,Diner,Deli / Bodega,Wine Shop,Plaza,Playground
Brooklyn,Prospect Heights,1,40.67682226,-73.96485924,1,Bar,Wine Shop,New American Restaurant,Coffee Shop,Sushi Restaurant,Gourmet Shop,American Restaurant,Bakery,Ice Cream Shop,Thai Restaurant
Brooklyn,Brownsville,1,40.66394994,-73.91023536,2,Pizza Place,Discount Store,Sandwich Place,Pharmacy,Cosmetics Shop,Supermarket,Mobile Phone Shop,Fried Chicken Joint,Grocery Store,Gas Station
Brooklyn,Williamsburg,1,40.70714439,-73.95811529,1,Bar,Coffee Shop,American Restaurant,Pizza Place,Wine Bar,Yoga Studio,Chinese Restaurant,Cocktail Bar,Breakfast Spot,South American Restaurant
Brooklyn,Bushwick,1,40.69811611,-73.92525797,1,Bar,Coffee Shop,Mexican Restaurant,Pizza Place,Latin American Restaurant,Cocktail Bar,Deli / Bodega,Bagel Shop,Thrift / Vintage Store,Dive Bar
Brooklyn,Bedford Stuyvesant,1,40.68723161,-73.94178489,1,Coffee Shop,Café,Bar,Caribbean Restaurant,Wine Shop,Pizza Place,Deli / Bodega,Chinese Restaurant,Playground,Discount Store
Brooklyn,Brooklyn Heights,1,40.69586372,-73.99378225,1,Park,Yoga Studio,Italian Restaurant,Wine Shop,Grocery Store,Ice Cream Shop,Bar,Pizza Place,American Restaurant,Coffee Shop
Brooklyn,Cobble Hill,1,40.68791972,-73.99856139,1,Bar,Cocktail Bar,Italian Restaurant,Pizza Place,Yoga Studio,Ice Cream Shop,Wine Shop,Cosmetics Shop,Bakery,Bookstore
Brooklyn,Carroll Gardens,1,40.68054023,-73.99465373,1,Italian Restaurant,Coffee Shop,Bar,Wine Shop,Pizza Place,Ice Cream Shop,Bakery,Wine Bar,Yoga Studio,Spa
Brooklyn,Red Hook,1,40.67625323,-74.01275897,1,Bar,Park,Art Gallery,Seafood Restaurant,American Restaurant,Wine Shop,Food Truck,Hotel,Bagel Shop,Farm
Brooklyn,Gowanus,1,40.67393114,-73.99444087,1,Bar,Wine Shop,Mexican Restaurant,Pizza Place,Coffee Shop,Italian Restaurant,Food Truck,Park,Brewery,Cocktail Bar
Brooklyn,Fort Greene,1,40.68852726,-73.97290574,1,Italian Restaurant,Coffee Shop,Pizza Place,Performing Arts Venue,Bar,Playground,Flower Shop,Cocktail Bar,Sandwich Place,Park
Brooklyn,Park Slope,1,40.67232052,-73.9770503,1,Coffee Shop,Spa,Bakery,American Restaurant,Bar,Bagel Shop,Gym / Fitness Center,Farmers Market,Ice Cream Shop,Vietnamese Restaurant
Brooklyn,Cypress Hills,1,40.68239101,-73.87661596,2,Grocery Store,Donut Shop,Latin American Restaurant,Fast Food Restaurant,Chinese Restaurant,Fried Chicken Joint,Pizza Place,Discount Store,Shoe Store,Ice Cream Shop
Brooklyn,East New York,1,40.6699257,-73.88069864,2,Sandwich Place,Pizza Place,Grocery Store,Supermarket,Playground,Pharmacy,Metro Station,Chinese Restaurant,Donut Shop,Market
Brooklyn,Starrett City,1,40.64758905,-73.8793697,2,Pizza Place,Mobile Phone Shop,Department Store,Women's Store,Deli / Bodega,Furniture / Home Store,Kids Store,Cosmetics Shop,Shoe Store,Shopping Mall
Brooklyn,Canarsie,1,40.63556433,-73.9020927,2,Caribbean Restaurant,Pizza Place,Bank,Video Game Store,Pharmacy,Fried Chicken Joint,General Eating,Fast Food Restaurant,Mobile Phone Shop,Grocery Store
Brooklyn,Flatlands,1,40.63044604,-73.92911303,2,Caribbean Restaurant,Supermarket,Discount Store,Fried Chicken Joint,Park,Mobile Phone Shop,Pharmacy,Donut Shop,Pizza Place,Fast Food Restaurant
Brooklyn,Mill Island,1,40.60633642,-73.90818572,2,Harbor / Marina,Pizza Place,Gym,Middle Eastern Restaurant,Playground,Boat or Ferry,Sandwich Place,Golf Course,Pool,Park
Brooklyn,Manhattan Beach,1,40.5779135,-73.94353723,1,Italian Restaurant,Turkish Restaurant,Seafood Restaurant,Sandwich Place,Café,Dessert Shop,General Eating,Russian Restaurant,Bar,Eastern European Restaurant
Brooklyn,Coney Island,1,40.57429256,-73.98868296,2,Theme Park Ride / Attraction,Theme Park,Beach,Pizza Place,Hot Dog Joint,Mobile Phone Shop,Arcade,Caribbean Restaurant,Supermarket,Liquor Store
Brooklyn,Bath Beach,1,40.5995187,-73.99875221,2,Pizza Place,Chinese Restaurant,Bank,Japanese Restaurant,Bakery,Coffee Shop,Italian Restaurant,Sushi Restaurant,Bubble Tea Shop,Cantonese Restaurant
Brooklyn,Borough Park,1,40.63313051,-73.99049823,2,Pizza Place,Bank,Pharmacy,Supermarket,Kids Store,Bakery,Coffee Shop,General Eating,Sandwich Place,Grocery Store
Brooklyn,Dyker Heights,1,40.61921946,-74.01931376,2,Bagel Shop,Pizza Place,Bakery,Cosmetics Shop,Gym / Fitness Center,Bar,Middle Eastern Restaurant,Sandwich Place,Chinese Restaurant,Diner
Brooklyn,Gerritsen Beach,1,40.59084843,-73.93010171,2,Donut Shop,Ice Cream Shop,Deli / Bodega,Bagel Shop,Pizza Place,Bar,Convenience Store,Russian Restaurant,Seafood Restaurant,Italian Restaurant
Brooklyn,Marine Park,1,40.60974778,-73.93134404,2,Clothing Store,Sandwich Place,Shoe Store,Mobile Phone Shop,Furniture / Home Store,Cosmetics Shop,Chinese Restaurant,Diner,Pharmacy,Jewelry Store
Brooklyn,Clinton Hill,1,40.69322942,-73.96784306,1,Italian Restaurant,Coffee Shop,Wine Shop,Pizza Place,Yoga Studio,Mexican Restaurant,Café,New American Restaurant,Cocktail Bar,Playground
Brooklyn,Sea Gate,1,40.57637538,-74.00787311,2,Beach,Pharmacy,Supermarket,Spa,Basketball Court,Fried Chicken Joint,Chinese Restaurant,Park,Donut Shop,Bus Station
Brooklyn,Downtown,1,40.69084402,-73.98346337,1,Coffee Shop,Bar,Bakery,Gym / Fitness Center,Sandwich Place,Grocery Store,Performing Arts Venue,Burger Joint,Furniture / Home Store,Middle Eastern Restaurant
Brooklyn,Boerum Hill,1,40.68568291,-73.98374824,1,Coffee Shop,Bar,Cocktail Bar,Dance Studio,Bakery,Grocery Store,Bookstore,Gift Shop,Spa,Opera House
Brooklyn,Prospect Lefferts Gardens,1,40.65842002,-73.95489867,2,Caribbean Restaurant,Pizza Place,Café,Bakery,Wine Shop,Juice Bar,Playground,Grocery Store,Bagel Shop,American Restaurant
Brooklyn,Ocean Hill,1,40.67840255,-73.91306832,2,Discount Store,Café,General Eating,Fried Chicken Joint,Fast Food Restaurant,Sandwich Place,Pharmacy,Donut Shop,Pizza Place,Mexican Restaurant
Brooklyn,City Line,1,40.67856996,-73.86797598,2,Pizza Place,Chinese Restaurant,Supermarket,Donut Shop,Fast Food Restaurant,Grocery Store,Latin American Restaurant,Fried Chicken Joint,Shoe Store,Mexican Restaurant
Brooklyn,Bergen Beach,1,40.61514955,-73.89855634,2,Donut Shop,Italian Restaurant,Peruvian Restaurant,Stables,Deli / Bodega,Pizza Place,American Restaurant,Supermarket,Event Space,Exhibit
Brooklyn,Midwood,1,40.6255959,-73.95759523,2,Pizza Place,Convenience Store,Café,Ice Cream Shop,Bank,Bakery,Bagel Shop,Coffee Shop,Supermarket,Sushi Restaurant
Brooklyn,Prospect Park South,1,40.6470086,-73.96261317,1,Caribbean Restaurant,Grocery Store,Mexican Restaurant,Pizza Place,Coffee Shop,Bar,Latin American Restaurant,Wine Shop,Indian Restaurant,Park
Brooklyn,Georgetown,1,40.62384524,-73.91607484,2,Supermarket,Bank,Italian Restaurant,Donut Shop,Chinese Restaurant,Deli / Bodega,American Restaurant,Pizza Place,Discount Store,Bagel Shop
Brooklyn,East Williamsburg,1,40.70849241,-73.93885815,1,Coffee Shop,Bar,Bakery,Cocktail Bar,Café,Thrift / Vintage Store,Concert Hall,Deli / Bodega,Mexican Restaurant,Italian Restaurant
Brooklyn,North Side,1,40.71482291,-73.95880858,1,Coffee Shop,Pizza Place,Yoga Studio,Wine Bar,American Restaurant,Jewelry Store,Ice Cream Shop,Cocktail Bar,Seafood Restaurant,South American Restaurant
Brooklyn,South Side,1,40.71086147,-73.95800095,1,Bar,Pizza Place,American Restaurant,Coffee Shop,Wine Bar,Cocktail Bar,Yoga Studio,Mexican Restaurant,Seafood Restaurant,Salon / Barbershop
Brooklyn,Ocean Parkway,1,40.61305977,-73.96836678,2,Donut Shop,Pharmacy,Bank,Fast Food Restaurant,Steakhouse,Italian Restaurant,Grocery Store,Gym / Fitness Center,General Eating,Sushi Restaurant
Brooklyn,Fort Hamilton,1,40.61476813,-74.03197915,2,Pizza Place,Spa,Bagel Shop,Japanese Restaurant,Italian Restaurant,Bar,Bakery,Middle Eastern Restaurant,Department Store,Gym / Fitness Center
Manhattan,Chinatown,1,40.71561842,-73.99427936,1,Café,Sandwich Place,Wine Bar,Cocktail Bar,Coffee Shop,Ice Cream Shop,Bakery,Chinese Restaurant,Spa,Thai Restaurant
Manhattan,Washington Heights,1,40.85190253,-73.93690028,1,Latin American Restaurant,Pizza Place,Park,Spanish Restaurant,Grocery Store,Bakery,Café,Deli / Bodega,Tapas Restaurant,Bar
Manhattan,Inwood,1,40.86768396,-73.92121042,1,Latin American Restaurant,Café,Wine Bar,Deli / Bodega,Mexican Restaurant,Spanish Restaurant,General Eating,Lounge,Bakery,Pizza Place
Manhattan,Hamilton Heights,1,40.82360428,-73.94968792,1,Bar,Coffee Shop,Café,Park,Mexican Restaurant,American Restaurant,Cocktail Bar,Sushi Restaurant,Ethiopian Restaurant,Deli / Bodega
Manhattan,Manhattanville,1,40.81693443,-73.95738539,1,Park,Mexican Restaurant,Café,Italian Restaurant,American Restaurant,Coffee Shop,Tennis Court,Seafood Restaurant,Theater,Pizza Place
Manhattan,Central Harlem,1,40.81597607,-73.94321113,1,Southern / Soul Food Restaurant,African Restaurant,Café,Bar,American Restaurant,Sushi Restaurant,French Restaurant,Seafood Restaurant,Cocktail Bar,Theater
Manhattan,East Harlem,1,40.79224947,-73.94418223,1,Mexican Restaurant,Café,Bakery,Pizza Place,Deli / Bodega,Thai Restaurant,Coffee Shop,Latin American Restaurant,Cocktail Bar,Gym
Manhattan,Upper East Side,1,40.77563857,-73.96050763,1,Exhibit,Italian Restaurant,Gym / Fitness Center,Bakery,Coffee Shop,French Restaurant,Yoga Studio,Art Museum,Mexican Restaurant,Salad Place
Manhattan,Yorkville,1,40.77592985,-73.94711784,1,Italian Restaurant,Gym,Coffee Shop,Pizza Place,Ice Cream Shop,Wine Shop,Deli / Bodega,Bar,Japanese Restaurant,Vietnamese Restaurant
Manhattan,Lenox Hill,1,40.76811266,-73.95885969,1,Italian Restaurant,Sushi Restaurant,Coffee Shop,Gym / Fitness Center,French Restaurant,Bakery,Sporting Goods Shop,Gym,Women's Store,Pizza Place
Manhattan,Roosevelt Island,1,40.76215961,-73.94916769,1,Park,Coffee Shop,Sushi Restaurant,Café,Greek Restaurant,Pizza Place,Cocktail Bar,Deli / Bodega,Playground,Yoga Studio
Manhattan,Upper West Side,1,40.787658,-73.97705924,1,Wine Bar,Bakery,Italian Restaurant,Park,Gym / Fitness Center,Cosmetics Shop,American Restaurant,Coffee Shop,Café,Indian Restaurant
Manhattan,Lincoln Square,1,40.77352889,-73.98533777,1,Jazz Club,Theater,Plaza,French Restaurant,Performing Arts Venue,Coffee Shop,Italian Restaurant,Concert Hall,Sushi Restaurant,Gym
Manhattan,Clinton,1,40.75910089,-73.99611936,1,Theater,Hotel,Gym / Fitness Center,Coffee Shop,Burger Joint,American Restaurant,Indie Theater,Bakery,Bar,Ice Cream Shop
Manhattan,Midtown,1,40.7546911,-73.98166883,1,Theater,Gym,Coffee Shop,Steakhouse,Cuban Restaurant,Hotel,Plaza,Sandwich Place,Sushi Restaurant,Mediterranean Restaurant
Manhattan,Murray Hill,1,40.74830308,-73.97833208,1,Korean Restaurant,Pizza Place,Coffee Shop,Japanese Restaurant,Gym / Fitness Center,Bakery,Grocery Store,Sandwich Place,Bar,Café
Manhattan,Chelsea,1,40.74403471,-74.00311633,1,Art Gallery,Italian Restaurant,Hotel,Coffee Shop,Gym / Fitness Center,Theater,Bakery,Seafood Restaurant,Bus Stop,Baseball Field
Manhattan,Greenwich Village,1,40.72693289,-73.99991403,1,Italian Restaurant,Gym,Seafood Restaurant,Café,Spa,Pizza Place,Coffee Shop,Sushi Restaurant,French Restaurant,Cheese Shop
Manhattan,East Village,1,40.72784678,-73.98222617,1,Wine Bar,Ice Cream Shop,Bar,Coffee Shop,Cocktail Bar,Italian Restaurant,Pizza Place,Seafood Restaurant,Japanese Restaurant,Juice Bar
Manhattan,Lower East Side,1,40.71780675,-73.98089032,1,Italian Restaurant,Ice Cream Shop,Asian Restaurant,Mexican Restaurant,French Restaurant,Coffee Shop,Wine Bar,Café,Cocktail Bar,Japanese Restaurant
Manhattan,Tribeca,1,40.72152197,-74.01068329,1,Park,Spa,Hotel,American Restaurant,Coffee Shop,Men's Store,French Restaurant,Cocktail Bar,Sushi Restaurant,Art Gallery
Manhattan,Little Italy,1,40.71932379,-73.99730467,1,Hotel,Thai Restaurant,Cosmetics Shop,Clothing Store,Men's Store,Art Gallery,Women's Store,Paper / Office Supplies Store,Café,Mediterranean Restaurant
Manhattan,Soho,1,40.72218384,-74.00065667,1,Italian Restaurant,French Restaurant,Clothing Store,Women's Store,Spa,Optical Shop,Coffee Shop,Gym,Pizza Place,Café
Manhattan,West Village,1,40.73443394,-74.00617998,1,Italian Restaurant,American Restaurant,Wine Bar,Japanese Restaurant,New American Restaurant,Pizza Place,Jazz Club,Bakery,Park,Chinese Restaurant
Manhattan,Manhattan Valley,1,40.79730704,-73.96428618,1,Park,Coffee Shop,Indian Restaurant,Grocery Store,Ice Cream Shop,Mexican Restaurant,Pizza Place,Bar,Chinese Restaurant,Bakery
Manhattan,Morningside Heights,1,40.80799974,-73.96389628,1,Coffee Shop,Italian Restaurant,Park,American Restaurant,Chinese Restaurant,Bakery,Grocery Store,Playground,Bookstore,Mexican Restaurant
Manhattan,Gramercy,1,40.73720983,-73.98137595,1,American Restaurant,Italian Restaurant,Juice Bar,New American Restaurant,Mediterranean Restaurant,Café,Indian Restaurant,Gym,Wine Shop,General Eating
Manhattan,Battery Park City,1,40.71193198,-74.01686931,1,Park,Coffee Shop,Wine Shop,Gym / Fitness Center,Plaza,Gym,Memorial Site,Sandwich Place,Burger Joint,Ice Cream Shop
Manhattan,Financial District,1,40.70710711,-74.01066545,1,Coffee Shop,Pizza Place,American Restaurant,Food Truck,Gym,Gym / Fitness Center,Café,Cocktail Bar,Hotel,Memorial Site
Queens,Astoria,1,40.76850859,-73.91565374,1,Bar,Greek Restaurant,Bakery,Grocery Store,Pizza Place,Coffee Shop,Seafood Restaurant,Sandwich Place,Mediterranean Restaurant,Gym
Queens,Woodside,1,40.74634909,-73.90184167,1,Indian Restaurant,Food Truck,Grocery Store,Bakery,Latin American Restaurant,Thai Restaurant,American Restaurant,Bar,Filipino Restaurant,Tibetan Restaurant
Queens,Jackson Heights,1,40.75198138,-73.88282109,1,Mexican Restaurant,Bakery,South American Restaurant,Latin American Restaurant,Indian Restaurant,Peruvian Restaurant,Thai Restaurant,Food Truck,Coffee Shop,Empanada Restaurant
Queens,Elmhurst,1,40.74404851,-73.88165622,1,Thai Restaurant,Mexican Restaurant,Bakery,South American Restaurant,Latin American Restaurant,Food Truck,Chinese Restaurant,Indonesian Restaurant,Vietnamese Restaurant,Bubble Tea Shop
Queens,Howard Beach,1,40.65422528,-73.83813765,2,Italian Restaurant,Ice Cream Shop,Pharmacy,Park,Pizza Place,Bank,Bagel Shop,Deli / Bodega,Fast Food Restaurant,Sandwich Place
Queens,Corona,1,40.74238175,-73.85682497,2,Food Truck,Park,Pizza Place,Ice Cream Shop,Science Museum,Mexican Restaurant,Cosmetics Shop,Deli / Bodega,Argentinian Restaurant,Donut Shop
Queens,Forest Hills,1,40.72526378,-73.84447501,1,Bakery,Sushi Restaurant,Pizza Place,Bagel Shop,Asian Restaurant,Food Truck,Park,Bar,Bank,Burger Joint
Queens,Kew Gardens,1,40.70517904,-73.82981906,1,Pizza Place,Italian Restaurant,Coffee Shop,Lounge,Gym / Fitness Center,Indian Restaurant,Mediterranean Restaurant,Gourmet Shop,Park,Pet Service
Queens,Richmond Hill,1,40.69794731,-73.83183321,2,Indian Restaurant,Bar,Latin American Restaurant,Diner,Chinese Restaurant,Pizza Place,Clothing Store,Caribbean Restaurant,Park,Pet Store
Queens,Flushing,1,40.7644542,-73.831773,2,Chinese Restaurant,Bubble Tea Shop,Korean Restaurant,Hotpot Restaurant,Bakery,Dumpling Restaurant,Cantonese Restaurant,Tea Room,Gym,Pizza Place
Queens,Long Island City,1,40.75021735,-73.93920224,1,Coffee Shop,Hotel,Mexican Restaurant,Café,Bar,Italian Restaurant,Brewery,Indian Restaurant,Pizza Place,Art Museum
Queens,Sunnyside,1,40.74017628,-73.92691618,2,Pizza Place,Donut Shop,Grocery Store,Bakery,Chinese Restaurant,Italian Restaurant,Mexican Restaurant,Bar,Coffee Shop,Turkish Restaurant
Queens,East Elmhurst,1,40.76407324,-73.86704148,2,Airport Service,Pizza Place,Rental Car Location,Café,Donut Shop,Hotel,Deli / Bodega,Airport Lounge,Hot Dog Joint,Bus Station
Queens,Maspeth,1,40.72542737,-73.89621714,2,Pizza Place,Bank,Donut Shop,Deli / Bodega,Chinese Restaurant,Bakery,Cosmetics Shop,Coffee Shop,Grocery Store,Gift Shop
Queens,Ridgewood,1,40.70832316,-73.90143518,2,Bar,Pizza Place,Mexican Restaurant,Café,General Eating,Bakery,Latin American Restaurant,Diner,Chinese Restaurant,Pharmacy
Queens,Glendale,1,40.70276243,-73.87074167,2,Pizza Place,Discount Store,Furniture / Home Store,Bus Station,Bar,Kids Store,Gym,Department Store,Bagel Shop,American Restaurant
Queens,Rego Park,1,40.72897409,-73.85782687,2,Pizza Place,Grocery Store,Bakery,Liquor Store,Sandwich Place,Coffee Shop,Gym / Fitness Center,Sushi Restaurant,Donut Shop,Pharmacy
Queens,Woodhaven,1,40.68988688,-73.85811047,2,Pizza Place,Deli / Bodega,Latin American Restaurant,Supermarket,Pharmacy,Chinese Restaurant,Cosmetics Shop,Hookah Bar,General Eating,Grocery Store
Queens,Ozone Park,1,40.68070847,-73.84320266,2,Pizza Place,Deli / Bodega,Pharmacy,Fast Food Restaurant,Liquor Store,Convenience Store,Bus Stop,Bank,Bar,Gym
Queens,South Ozone Park,1,40.66854958,-73.80986479,2,Hotel,Deli / Bodega,Pizza Place,Donut Shop,Caribbean Restaurant,Gym,Fast Food Restaurant,Chinese Restaurant,Ice Cream Shop,Indian Restaurant
Queens,College Point,1,40.78490275,-73.84304529,2,Pizza Place,Deli / Bodega,Donut Shop,Chinese Restaurant,Gym,Discount Store,Pharmacy,Park,Bank,Latin American Restaurant
Queens,Whitestone,1,40.78129077,-73.81420217,2,Italian Restaurant,Donut Shop,Pizza Place,Diner,Deli / Bodega,Ice Cream Shop,Bank,Bar,Bus Station,Gym
Queens,Bayside,1,40.76604063,-73.77427363,1,Pizza Place,Bar,Sushi Restaurant,American Restaurant,Italian Restaurant,Pharmacy,Asian Restaurant,Sandwich Place,Mobile Phone Shop,Indian Restaurant
Queens,Auburndale,1,40.76172955,-73.79176244,2,Korean Restaurant,Greek Restaurant,Café,Pizza Place,Donut Shop,Mobile Phone Shop,Deli / Bodega,Gym / Fitness Center,Cosmetics Shop,Ice Cream Shop
Queens,Little Neck,1,40.77082619,-73.73889776,2,Chinese Restaurant,Italian Restaurant,Spa,Deli / Bodega,Bank,Coffee Shop,Bakery,Mobile Phone Shop,Park,Greek Restaurant
Queens,Douglaston,1,40.7668461,-73.74249821,2,Chinese Restaurant,Italian Restaurant,Deli / Bodega,Bank,Spa,Bakery,Greek Restaurant,Pizza Place,Train Station,Coffee Shop
Queens,Glen Oaks,1,40.7494408,-73.71548119,2,Indian Restaurant,Park,Bank,Bus Station,Pharmacy,American Restaurant,Department Store,Pizza Place,Donut Shop,Pool
Queens,Bellerose,1,40.72857318,-73.72012815,2,Deli / Bodega,Mobile Phone Shop,Bus Station,Indian Restaurant,Grocery Store,Pizza Place,Motel,Sandwich Place,Food Truck,Italian Restaurant
Queens,Kew Gardens Hills,1,40.72257824,-73.82087765,2,Pizza Place,Bank,Sandwich Place,Deli / Bodega,Sushi Restaurant,Middle Eastern Restaurant,Pharmacy,Donut Shop,Supermarket,Ice Cream Shop
Queens,Fresh Meadows,1,40.73439447,-73.78271337,2,Pizza Place,Chinese Restaurant,Pharmacy,Bakery,Bank,Grocery Store,American Restaurant,Bagel Shop,Baseball Field,Coffee Shop
Queens,Briarwood,1,40.71093547,-73.81174822,2,Donut Shop,Fast Food Restaurant,Pizza Place,Indian Restaurant,Bank,Latin American Restaurant,Supermarket,Sandwich Place,Coffee Shop,Fried Chicken Joint
Queens,Jamaica Center,1,40.70465736,-73.79690166,2,Pharmacy,Sandwich Place,Fried Chicken Joint,Bank,Caribbean Restaurant,Chinese Restaurant,Mobile Phone Shop,Clothing Store,Pizza Place,Donut Shop
Queens,Oakland Gardens,1,40.74561857,-73.75494976,2,Chinese Restaurant,Korean Restaurant,Pharmacy,Donut Shop,Yoga Studio,Park,Sushi Restaurant,Italian Restaurant,Coffee Shop,Bank
Queens,Queens Village,1,40.71889309,-73.73871485,2,Pizza Place,Caribbean Restaurant,Pharmacy,Donut Shop,Sandwich Place,Bank,Chinese Restaurant,Mobile Phone Shop,Park,Motorcycle Shop
Queens,Hollis,1,40.71124344,-73.75925009,2,Ice Cream Shop,Pizza Place,Fried Chicken Joint,Sandwich Place,Donut Shop,Mobile Phone Shop,Lounge,Park,Liquor Store,Locksmith
Queens,South Jamaica,1,40.69691125,-73.79042613,2,Park,Discount Store,Deli / Bodega,Fried Chicken Joint,Bus Stop,Pizza Place,Bank,Chinese Restaurant,Performing Arts Venue,Caribbean Restaurant
Queens,St. Albans,1,40.69444539,-73.75867604,2,Caribbean Restaurant,Fast Food Restaurant,Pizza Place,Café,Bakery,Train Station,Liquor Store,Donut Shop,Pharmacy,Discount Store
Queens,Rochdale,1,40.6752114,-73.77258788,2,Pharmacy,Market,Deli / Bodega,Pizza Place,Fast Food Restaurant,Sandwich Place,Bank,General Eating,Mexican Restaurant,Gym
Queens,Springfield Gardens,1,40.66623049,-73.76042093,2,Deli / Bodega,Liquor Store,Gym,Donut Shop,Park,Fast Food Restaurant,Caribbean Restaurant,Gas Station,Pizza Place,Clothing Store
Queens,Cambria Heights,1,40.69277464,-73.73526874,2,Pharmacy,Caribbean Restaurant,Cosmetics Shop,Donut Shop,Chinese Restaurant,Bus Station,General Eating,Gas Station,Fried Chicken Joint,Supermarket
Queens,Rosedale,1,40.65981643,-73.73526079,2,Caribbean Restaurant,Furniture / Home Store,Cosmetics Shop,Park,Coffee Shop,Sandwich Place,Pharmacy,Fast Food Restaurant,Grocery Store,Bank
Queens,Far Rockaway,1,40.60313443,-73.75497968,2,Pizza Place,Fried Chicken Joint,Deli / Bodega,Chinese Restaurant,Donut Shop,Sandwich Place,Bank,Metro Station,Discount Store,General Eating
Queens,Broad Channel,1,40.60302658,-73.82005489,2,Chinese Restaurant,Sandwich Place,Other Nightlife,Sporting Goods Shop,Beach,Metro Station,Bagel Shop,Pizza Place,Playground,Dive Bar
Queens,Breezy Point,1,40.55740129,-73.92551197,1,Surf Spot,Park,Beach,American Restaurant,Film Studio,Field,Fast Food Restaurant,Farmers Market,Farm,Falafel Restaurant
Queens,Steinway,1,40.77592302,-73.9022896,1,Greek Restaurant,Bakery,Italian Restaurant,Bar,Pizza Place,Sushi Restaurant,Deli / Bodega,Bagel Shop,Burger Joint,Café
Queens,Beechhurst,1,40.7927814,-73.80436452,2,Italian Restaurant,Donut Shop,Deli / Bodega,Pizza Place,Gym,Japanese Restaurant,Martial Arts Dojo,Chinese Restaurant,Bus Station,Dessert Shop
Queens,Bay Terrace,1,40.78284281,-73.77680223,2,Donut Shop,Clothing Store,Italian Restaurant,Pizza Place,Chinese Restaurant,Supermarket,American Restaurant,Cosmetics Shop,Women's Store,Harbor / Marina
Queens,Edgemere,1,40.59564181,-73.77613282,2,Pizza Place,Metro Station,Park,Deli / Bodega,Gift Shop,Asian Restaurant,Donut Shop,Farm,Seafood Restaurant,Spa
Queens,Arverne,1,40.58914394,-73.79199233,2,Surf Spot,Beach,Donut Shop,Sandwich Place,Bus Stop,Deli / Bodega,Bed & Breakfast,Coffee Shop,Bank,Gym / Fitness Center
Queens,Rockaway Beach,1,40.5828017,-73.82236121,2,Beach,Bar,Pizza Place,Boat or Ferry,Deli / Bodega,Pharmacy,Ice Cream Shop,Food Truck,Latin American Restaurant,Arepa Restaurant
Queens,Neponsit,1,40.57203673,-73.85754672,2,Beach,Spa,Deli / Bodega,Italian Restaurant,Chinese Restaurant,Burger Joint,Bus Stop,Boutique,Park,Mexican Restaurant
Queens,Murray Hill,1,40.76412612,-73.81276269,1,Korean Restaurant,Pizza Place,Coffee Shop,Japanese Restaurant,Gym / Fitness Center,Bakery,Grocery Store,Sandwich Place,Bar,Café
Queens,Floral Park,1,40.74137842,-73.70884706,2,Indian Restaurant,Bank,Bus Station,Food Truck,Pharmacy,Ice Cream Shop,Grocery Store,Intersection,Convenience Store,Pizza Place
Queens,Holliswood,1,40.72095721,-73.76714167,2,Chinese Restaurant,Playground,Park,Donut Shop,Bakery,Bank,Shopping Mall,Convenience Store,Intersection,Bus Station
Queens,Jamaica Estates,1,40.71680483,-73.78722697,2,Fast Food Restaurant,Deli / Bodega,Donut Shop,Bus Station,Fried Chicken Joint,Pharmacy,Convenience Store,Coffee Shop,Bank,Chinese Restaurant
Queens,Queensboro Hill,1,40.74457231,-73.82580915,2,Chinese Restaurant,Bakery,Flower Shop,Supermarket,Bank,Soccer Field,Malay Restaurant,Shanghai Restaurant,College Gym,Dumpling Restaurant
Queens,Hillcrest,1,40.7238249,-73.79760301,2,Bus Station,Pizza Place,General Eating,Sandwich Place,Coffee Shop,Ice Cream Shop,Mobile Phone Shop,Fast Food Restaurant,Bakery,Bank
Queens,Ravenswood,1,40.76170453,-73.93157506,1,Café,Bar,Thai Restaurant,Mexican Restaurant,Italian Restaurant,Bagel Shop,Brazilian Restaurant,Greek Restaurant,Grocery Store,Cocktail Bar
Queens,Lindenwood,1,40.66391842,-73.84963782,2,Pizza Place,Ice Cream Shop,Pharmacy,Chinese Restaurant,Bank,Pet Store,Donut Shop,Food Truck,Playground,Liquor Store
Queens,Laurelton,1,40.6678839,-73.74025608,2,Caribbean Restaurant,Cosmetics Shop,Bank,Fried Chicken Joint,Donut Shop,Park,Intersection,Train Station,Pharmacy,Supermarket
Queens,Lefrak City,1,40.73607457,-73.86252471,2,Bakery,Clothing Store,Coffee Shop,Donut Shop,Supermarket,Chinese Restaurant,Sandwich Place,Argentinian Restaurant,Liquor Store,General Eating
Queens,Belle Harbor,1,40.57615557,-73.8540175,2,Beach,Spa,Pub,Harbor / Marina,Trail,Mexican Restaurant,Chinese Restaurant,Donut Shop,Boutique,Deli / Bodega
Queens,Rockaway Park,1,40.58034296,-73.8415337,2,Beach,Pizza Place,Donut Shop,Deli / Bodega,Spa,Bank,Pharmacy,Supermarket,Board Shop,Seafood Restaurant
Queens,Somerville,1,40.59771062,-73.79664751,2,Bus Stop,Donut Shop,Sandwich Place,Boat or Ferry,Gas Station,Grocery Store,Bed & Breakfast,Bank,Harbor / Marina,Caribbean Restaurant
Queens,Brookville,1,40.66000323,-73.75175311,2,Park,Fast Food Restaurant,Deli / Bodega,Lake,Bakery,Train Station,Gym,Caribbean Restaurant,Clothing Store,Pizza Place
Queens,Bellaire,1,40.73301404,-73.73889199,2,Park,Bus Station,Pizza Place,Fast Food Restaurant,Italian Restaurant,Donut Shop,Convenience Store,Chinese Restaurant,Gym,Pharmacy
Queens,North Corona,1,40.754071,-73.85751791,2,Deli / Bodega,Latin American Restaurant,Tennis Stadium,Food Truck,Boat or Ferry,Bakery,Pizza Place,Supermarket,South American Restaurant,Harbor / Marina
Queens,Forest Hills Gardens,1,40.71461108,-73.84102211,1,Bakery,Pizza Place,Yoga Studio,Park,Italian Restaurant,Burger Joint,Bar,Coffee Shop,Sushi Restaurant,Japanese Restaurant
Staten Island,St. George,1,40.64498157,-74.07935313,2,Bus Stop,Clothing Store,Pizza Place,Bar,Italian Restaurant,Art Gallery,Chinese Restaurant,Bakery,Brewery,Sandwich Place
Staten Island,New Brighton,1,40.64061456,-74.08701651,2,Italian Restaurant,Pizza Place,Bar,Bus Stop,Donut Shop,Mexican Restaurant,Pub,Brewery,Sri Lankan Restaurant,Pharmacy
Staten Island,Stapleton,1,40.62692763,-74.07790193,2,Sandwich Place,Bank,Pizza Place,Mexican Restaurant,New American Restaurant,Fast Food Restaurant,Deli / Bodega,Discount Store,Bar,Pharmacy
Staten Island,Rosebank,1,40.61530495,-74.06980527,2,Italian Restaurant,Bus Stop,Deli / Bodega,Intersection,Bar,Pizza Place,Grocery Store,Cajun / Creole Restaurant,Martial Arts Dojo,Beach
Staten Island,West Brighton,1,40.63187893,-74.10718178,2,Deli / Bodega,Bus Stop,Bar,Bank,Bagel Shop,Coffee Shop,Italian Restaurant,Pharmacy,Cosmetics Shop,Pizza Place
Staten Island,Grymes Hill,1,40.62418479,-74.0872482,2,Bus Stop,Cosmetics Shop,Park,Sandwich Place,General Eating,Deli / Bodega,Dog Run,Spanish Restaurant,Discount Store,Pizza Place
Staten Island,Todt Hill,1,40.59706852,-74.11132882,2,Park,Campground,Dog Run,Donut Shop,Factory,Farmers Market,Farm,Falafel Restaurant,Fabric Shop,Field
Staten Island,South Beach,1,40.58024741,-74.07955293,2,Pier,Beach,Deli / Bodega,Athletics & Sports,Playground,General Eating,Park,Baseball Field,Soccer Field,Skate Park
Staten Island,Port Richmond,1,40.63366931,-74.12943427,2,Bus Stop,Pizza Place,Deli / Bodega,Cosmetics Shop,Rental Car Location,Mediterranean Restaurant,Dessert Shop,Bakery,Convenience Store,Discount Store
Staten Island,Mariner's Harbor,1,40.63254639,-74.15008537,2,Deli / Bodega,Bus Stop,Fast Food Restaurant,Pizza Place,Ice Cream Shop,Diner,Gym / Fitness Center,Middle Eastern Restaurant,Sushi Restaurant,Breakfast Spot
Staten Island,Port Ivory,1,40.63968298,-74.17464533,2,Harbor / Marina,Intersection,Bus Stop,Boat or Ferry,Zoo Exhibit,Falafel Restaurant,Field,Fast Food Restaurant,Farmers Market,Farm
Staten Island,Castleton Corners,1,40.61333594,-74.11918059,2,Pizza Place,Bus Stop,Ice Cream Shop,Donut Shop,Grocery Store,Sandwich Place,Liquor Store,Bagel Shop,Diner,Bank
Staten Island,New Springville,1,40.59425238,-74.16496031,2,Coffee Shop,Pharmacy,Shoe Store,Donut Shop,Mobile Phone Shop,Sandwich Place,Health & Beauty Service,Liquor Store,Bagel Shop,Shipping Store
Staten Island,Travis,1,40.58631375,-74.19073718,2,Park,Spanish Restaurant,Bus Stop,Hotel,Italian Restaurant,Comedy Club,Baseball Field,Gym,Theater,Donut Shop
Staten Island,New Dorp,1,40.57257232,-74.11647944,2,Italian Restaurant,Mexican Restaurant,Pizza Place,Sandwich Place,Bagel Shop,Pharmacy,Coffee Shop,Kids Store,American Restaurant,Bank
Staten Island,Oakwood,1,40.55846224,-74.12156594,2,Bank,Sandwich Place,Supermarket,Burger Joint,Bus Stop,General Eating,Gift Shop,Mexican Restaurant,Trail,Bagel Shop
Staten Island,Great Kills,1,40.54948023,-74.14932381,2,Italian Restaurant,Bar,Seafood Restaurant,Sushi Restaurant,Sandwich Place,Pizza Place,Pharmacy,Bagel Shop,Donut Shop,Chinese Restaurant
Staten Island,Eltingville,1,40.54223075,-74.1643308,2,Sushi Restaurant,Pizza Place,Italian Restaurant,Diner,Bagel Shop,Sandwich Place,Pet Store,Pharmacy,Bank,Fast Food Restaurant
Staten Island,Annadale,1,40.53811417,-74.17854866,2,Pizza Place,American Restaurant,Trail,General Eating,Sushi Restaurant,Business Service,Diner,Sports Bar,Bus Stop,Home Service
Staten Island,Woodrow,1,40.54196762,-74.20524582,2,Grocery Store,Donut Shop,Sushi Restaurant,Dog Run,Bus Stop,Park,Miscellaneous Shop,Mexican Restaurant,Basketball Court,Medical Center
Staten Island,Tottenville,1,40.50533376,-74.24656934,2,Italian Restaurant,Pizza Place,Ice Cream Shop,Bagel Shop,Deli / Bodega,Sandwich Place,Beach,Thrift / Vintage Store,Park,Dance Studio
Staten Island,Tompkinsville,1,40.63731607,-74.08055352,2,Bus Stop,Clothing Store,Deli / Bodega,Pizza Place,Park,Italian Restaurant,Gym / Fitness Center,Fast Food Restaurant,Bus Station,Brewery
Staten Island,Silver Lake,1,40.61919311,-74.09629029,2,American Restaurant,Grocery Store,Athletics & Sports,Burger Joint,Dog Run,Golf Course,Park,Spa,Convenience Store,Bus Stop
Staten Island,Sunnyside,1,40.61276016,-74.09712552,2,Pizza Place,Donut Shop,Grocery Store,Bakery,Chinese Restaurant,Italian Restaurant,Mexican Restaurant,Bar,Coffee Shop,Turkish Restaurant
Brooklyn,Ditmas Park,1,40.64367518,-73.96101312,1,Caribbean Restaurant,Mexican Restaurant,Pizza Place,Coffee Shop,Grocery Store,Indian Restaurant,Bar,Thai Restaurant,Discount Store,Lounge
Brooklyn,Wingate,1,40.66094656,-73.93718681,2,Caribbean Restaurant,Pizza Place,Fast Food Restaurant,Sandwich Place,Deli / Bodega,Donut Shop,Grocery Store,Bakery,Pharmacy,Bagel Shop
Brooklyn,Rugby,1,40.65557231,-73.92688213,2,Caribbean Restaurant,Pizza Place,Pharmacy,Fast Food Restaurant,Sandwich Place,Bank,Donut Shop,Mobile Phone Shop,Grocery Store,Ice Cream Shop
Staten Island,Park Hill,1,40.60919044,-74.08015735,2,Bus Stop,Park,Deli / Bodega,Peruvian Restaurant,Coffee Shop,Pizza Place,Automotive Shop,Train Station,Gym / Fitness Center,Italian Restaurant
Staten Island,Westerleigh,1,40.62109047,-74.13304144,2,Deli / Bodega,Convenience Store,Ice Cream Shop,Chinese Restaurant,Bakery,Mobile Phone Shop,American Restaurant,Asian Restaurant,Cosmetics Shop,Diner
Staten Island,Graniteville,1,40.62017151,-74.15315246,2,Pizza Place,Deli / Bodega,Fast Food Restaurant,Diner,Chinese Restaurant,Grocery Store,Playground,Bus Stop,Sushi Restaurant,Video Store
Staten Island,Arlington,1,40.6353251,-74.1651042,2,Deli / Bodega,Bus Stop,Discount Store,Fast Food Restaurant,Wings Joint,Donut Shop,Automotive Shop,Boat or Ferry,Department Store,Ice Cream Shop
Staten Island,Arrochar,1,40.59631257,-74.06712363,2,Baseball Field,Bus Stop,Italian Restaurant,Beach,Hotel,Bagel Shop,Middle Eastern Restaurant,Pizza Place,Historic Site,Outdoors & Recreation
Staten Island,Grasmere,1,40.59826836,-74.07667436,2,Italian Restaurant,Pizza Place,Deli / Bodega,Bus Stop,Bakery,Pharmacy,Supermarket,Middle Eastern Restaurant,Grocery Store,Tattoo Parlor
Staten Island,Old Town,1,40.59632891,-74.08751118,2,Italian Restaurant,Pizza Place,Bank,Deli / Bodega,Gas Station,Fast Food Restaurant,Bakery,Pharmacy,Liquor Store,Grocery Store
Staten Island,Dongan Hills,1,40.58867295,-74.09639905,2,Italian Restaurant,Pizza Place,Ice Cream Shop,Flower Shop,Chinese Restaurant,Bank,Greek Restaurant,Sandwich Place,Pharmacy,Bagel Shop
Staten Island,Midland Beach,1,40.57352691,-74.09348266,2,Bus Stop,Beach,Pizza Place,Baseball Field,Diner,Deli / Bodega,General Eating,Fast Food Restaurant,Bagel Shop,Grocery Store
Staten Island,Grant City,1,40.57621559,-74.10585599,2,Pizza Place,Italian Restaurant,Dessert Shop,Convenience Store,Kids Store,Deli / Bodega,Indian Restaurant,Automotive Shop,Pharmacy,American Restaurant
Staten Island,New Dorp Beach,1,40.56425549,-74.10432707,2,Pharmacy,American Restaurant,General Eating,Bus Stop,Bank,Kids Store,Coffee Shop,Discount Store,Baseball Field,Pizza Place
Staten Island,Bay Terrace,1,40.55398801,-74.13916622,2,Donut Shop,Clothing Store,Italian Restaurant,Pizza Place,Chinese Restaurant,Supermarket,American Restaurant,Cosmetics Shop,Women's Store,Harbor / Marina
Staten Island,Huguenot,1,40.53191192,-74.19174106,2,Bank,Italian Restaurant,Ice Cream Shop,Nail Salon,Park,Train Station,Donut Shop,Asian Restaurant,Sandwich Place,Bridal Shop
Staten Island,Pleasant Plains,1,40.52469938,-74.21983107,2,Pizza Place,Donut Shop,Supplement Shop,Bar,Liquor Store,Dry Cleaner,Train Station,Hardware Store,Bakery,Toll Plaza
Staten Island,Butler Manor,1,40.50608165,-74.2295035,2,Deli / Bodega,Baseball Field,Pool,Convenience Store,Grocery Store,Beach,Zoo Exhibit,Farmers Market,Farm,Falafel Restaurant
Staten Island,Charleston,1,40.53053148,-74.23215776,1,Italian Restaurant,Gym / Fitness Center,Cosmetics Shop,Bakery,Women's Store,Café,American Restaurant,Japanese Restaurant,Diner,Big Box Store
Staten Island,Rossville,1,40.54940401,-74.21572851,2,Pizza Place,Golf Course,Bagel Shop,Event Space,Liquor Store,Grocery Store,Paintball Field,Ice Cream Shop,Climbing Gym,Donut Shop
Staten Island,Arden Heights,1,40.54928582,-74.18588675,2,Bus Stop,Park,Bank,General Eating,Chinese Restaurant,Shopping Mall,Pharmacy,Trail,Mexican Restaurant,Liquor Store
Staten Island,Greenridge,1,40.55529524,-74.17079415,2,Asian Restaurant,Bagel Shop,Pharmacy,Sandwich Place,Ice Cream Shop,Pizza Place,Gym / Fitness Center,Wine Shop,Video Store,Italian Restaurant
Staten Island,Heartland Village,1,40.58913895,-74.15902208,2,Clothing Store,Shoe Store,Pharmacy,Cosmetics Shop,Department Store,Bus Stop,Sporting Goods Shop,Mobile Phone Shop,Sandwich Place,Coffee Shop
Staten Island,Chelsea,1,40.59472603,-74.18956046,1,Art Gallery,Italian Restaurant,Hotel,Coffee Shop,Gym / Fitness Center,Theater,Bakery,Seafood Restaurant,Bus Stop,Baseball Field
Staten Island,Bloomfield,1,40.60577868,-74.18725638,2,Baseball Field,Arcade,Sporting Goods Shop,Skating Rink,Clothing Store,Bagel Shop,Gymnastics Gym,Gym / Fitness Center,Grocery Store,Theme Park
Staten Island,Bulls Head,1,40.6095918,-74.15940949,2,Baseball Field,Chinese Restaurant,Pizza Place,Park,Deli / Bodega,Bus Stop,Sushi Restaurant,Pharmacy,Bank,Diner
Manhattan,Carnegie Hill,1,40.78268257,-73.95325647,1,Coffee Shop,Gym / Fitness Center,Yoga Studio,Bakery,Gym,Pizza Place,Art Museum,Italian Restaurant,Japanese Restaurant,Cocktail Bar
Manhattan,Noho,1,40.72325902,-73.98843368,1,Japanese Restaurant,Italian Restaurant,Hotel,Pizza Place,Cocktail Bar,Garden,Asian Restaurant,Rock Club,Coffee Shop,Mexican Restaurant
Manhattan,Civic Center,1,40.71522892,-74.0054153,1,French Restaurant,Hotel,American Restaurant,Coffee Shop,Spa,Men's Store,Cocktail Bar,Gym / Fitness Center,Bakery,Sushi Restaurant
Manhattan,Midtown South,1,40.74850966,-73.98871313,1,Korean Restaurant,Gym / Fitness Center,Hotel,Coffee Shop,Japanese Restaurant,Yoga Studio,Sandwich Place,Italian Restaurant,Indian Restaurant,Café
Staten Island,Richmond Town,1,40.56960594,-74.1340573,2,Italian Restaurant,Bank,Donut Shop,General Eating,Gym,Thrift / Vintage Store,Grocery Store,Bagel Shop,Pizza Place,History Museum
Staten Island,Shore Acres,1,40.60971934,-74.06667766,2,Italian Restaurant,Deli / Bodega,Bus Stop,Bar,Pizza Place,Grocery Store,Park,Intersection,Museum,Bagel Shop
Staten Island,Clifton,1,40.61917845,-74.07264245,2,Pizza Place,Sandwich Place,Bar,Italian Restaurant,Discount Store,Cosmetics Shop,Grocery Store,Beach,Deli / Bodega,Bus Stop
Staten Island,Concord,1,40.60447319,-74.08402365,2,Italian Restaurant,Bus Stop,Deli / Bodega,Pizza Place,General Eating,Bakery,Coffee Shop,Peruvian Restaurant,Donut Shop,Automotive Shop
Staten Island,Emerson Hill,1,40.60679439,-74.09776207,2,Park,Italian Restaurant,Bagel Shop,Deli / Bodega,American Restaurant,Playground,Pizza Place,Lake,Automotive Shop,Grocery Store
Staten Island,Randall Manor,1,40.63563001,-74.09805062,2,Bus Stop,Deli / Bodega,Bar,Playground,Chinese Restaurant,Bank,Coffee Shop,Fast Food Restaurant,Garden,Park
Staten Island,Howland Hook,1,40.63843284,-74.18622332,1,Harbor / Marina,Border Crossing,Lounge,Peruvian Restaurant,Park,Waterfront,Resort,Flea Market,Falafel Restaurant,Empanada Restaurant
Staten Island,Elm Park,1,40.63014674,-74.14181679,2,Bus Stop,Pizza Place,Chinese Restaurant,Deli / Bodega,Fast Food Restaurant,Cosmetics Shop,Convenience Store,Pet Store,Diner,Bakery
Brooklyn,Remsen Village,1,40.65211745,-73.91665332,2,Caribbean Restaurant,Fast Food Restaurant,Donut Shop,General Eating,Grocery Store,Moving Target,Chinese Restaurant,Sandwich Place,Fish Market,Deli / Bodega
Brooklyn,New Lots,1,40.66274428,-73.88511776,2,Fast Food Restaurant,Deli / Bodega,Pizza Place,Caribbean Restaurant,Intersection,Pharmacy,Grocery Store,Metro Station,Park,Chinese Restaurant
Brooklyn,Paerdegat Basin,1,40.63131755,-73.90233474,2,Caribbean Restaurant,Harbor / Marina,Pizza Place,Bagel Shop,Fast Food Restaurant,Asian Restaurant,Athletics & Sports,General Eating,Grocery Store,Diner
Brooklyn,Mill Basin,1,40.61597424,-73.91515392,2,Clothing Store,Pizza Place,Pharmacy,Italian Restaurant,Donut Shop,Gym,Ice Cream Shop,Mobile Phone Shop,Cosmetics Shop,Shoe Store
Queens,Jamaica Hills,1,40.71145964,-73.79646462,2,Pharmacy,Bus Station,Indian Restaurant,Coffee Shop,Fast Food Restaurant,Donut Shop,Mobile Phone Shop,Chinese Restaurant,Bank,Pizza Place
Queens,Utopia,1,40.73350025,-73.79671678,2,Japanese Restaurant,Pizza Place,Sandwich Place,Asian Restaurant,Spa,Chinese Restaurant,Ice Cream Shop,Playground,Hotel,Coffee Shop
Queens,Pomonok,1,40.73493618,-73.8048612,2,Pizza Place,Deli / Bodega,Basketball Court,Chinese Restaurant,Bus Station,Spa,South American Restaurant,Sandwich Place,Bagel Shop,Liquor Store
Queens,Astoria Heights,1,40.77031739,-73.89467996,2,Rental Car Location,Airport Service,Bus Station,Chinese Restaurant,Greek Restaurant,Park,Bar,Donut Shop,Convenience Store,Café
Bronx,Claremont Village,1,40.83142834,-73.90119903,2,Discount Store,Grocery Store,Ice Cream Shop,Pizza Place,Fast Food Restaurant,Donut Shop,Caribbean Restaurant,Park,Deli / Bodega,Gym
Bronx,Concourse Village,1,40.82478049,-73.91584653,2,Sandwich Place,Supermarket,Pharmacy,Mexican Restaurant,Donut Shop,Kids Store,Sports Bar,Deli / Bodega,Mobile Phone Shop,Gym
Bronx,Mount Eden,1,40.84382618,-73.91655552,2,Pizza Place,Supermarket,Grocery Store,Fast Food Restaurant,Chinese Restaurant,Pharmacy,General Eating,Sandwich Place,Food Truck,Ice Cream Shop
Bronx,Mount Hope,1,40.84884161,-73.90829931,2,Pizza Place,Supermarket,Grocery Store,Fast Food Restaurant,Donut Shop,Pharmacy,Latin American Restaurant,Fried Chicken Joint,Deli / Bodega,Convenience Store
Manhattan,Sutton Place,1,40.76028033,-73.96355614,1,Italian Restaurant,Spa,Salon / Barbershop,Gym / Fitness Center,Gym,Coffee Shop,Indian Restaurant,Bakery,Furniture / Home Store,Beer Garden
Queens,Hunters Point,1,40.74341409,-73.95386782,1,Italian Restaurant,Coffee Shop,Café,Bar,Wine Bar,Gym / Fitness Center,American Restaurant,Japanese Restaurant,Brewery,Park
Manhattan,Turtle Bay,1,40.75204237,-73.96770825,1,Sushi Restaurant,Park,Coffee Shop,Steakhouse,Indian Restaurant,Wine Bar,Bakery,French Restaurant,Seafood Restaurant,American Restaurant
Manhattan,Tudor City,1,40.74691741,-73.97121929,1,Japanese Restaurant,Coffee Shop,Grocery Store,Sushi Restaurant,Burger Joint,Hotel,General Eating,Bagel Shop,Gym,Gym / Fitness Center
Manhattan,Stuyvesant Town,1,40.73099955,-73.9740517,1,Bar,Pizza Place,Cocktail Bar,Park,Coffee Shop,Italian Restaurant,Bagel Shop,Playground,Ice Cream Shop,American Restaurant
Manhattan,Flatiron,1,40.73967305,-73.99094711,1,Gym / Fitness Center,Cycle Studio,Café,Yoga Studio,American Restaurant,Gym,Park,New American Restaurant,Japanese Restaurant,Wine Shop
Queens,Sunnyside Gardens,1,40.74565181,-73.91819286,1,Pizza Place,Mexican Restaurant,Bar,Park,Grocery Store,Sushi Restaurant,Thai Restaurant,Bakery,Coffee Shop,Latin American Restaurant
Queens,Blissville,1,40.73725072,-73.93244235,2,Donut Shop,Deli / Bodega,Bakery,Pizza Place,Chinese Restaurant,Rental Car Location,Discount Store,Coffee Shop,Grocery Store,Diner
Brooklyn,Fulton Ferry,1,40.70328109,-73.99550752,1,Park,Scenic Lookout,Coffee Shop,American Restaurant,Bakery,Seafood Restaurant,Japanese Restaurant,Ice Cream Shop,Bookstore,General Eating
Brooklyn,Vinegar Hill,1,40.7033215,-73.98111604,1,Park,Coffee Shop,Café,Wine Shop,Bakery,Scenic Lookout,Art Gallery,American Restaurant,History Museum,Antique Shop
Brooklyn,Weeksville,1,40.67503987,-73.93053109,2,Discount Store,Caribbean Restaurant,Chinese Restaurant,Deli / Bodega,Café,Pizza Place,Southern / Soul Food Restaurant,Supermarket,Park,Grocery Store
Brooklyn,Broadway Junction,1,40.67786105,-73.90331685,2,Deli / Bodega,Sandwich Place,Convenience Store,Donut Shop,Discount Store,Grocery Store,General Eating,Gas Station,Bakery,Pizza Place
Brooklyn,Dumbo,1,40.70317633,-73.98875281,1,Park,Coffee Shop,Scenic Lookout,American Restaurant,Ice Cream Shop,Bar,Bakery,Café,Dog Run,Pet Store
Staten Island,Manor Heights,1,40.60180958,-74.120594,2,Bus Stop,Deli / Bodega,Go Kart Track,Chinese Restaurant,Donut Shop,Pharmacy,Pizza Place,Liquor Store,Dog Run,Sandwich Place
Staten Island,Willowbrook,1,40.60370693,-74.13208447,2,Bus Stop,Deli / Bodega,Liquor Store,Chinese Restaurant,General Eating,Bagel Shop,Convenience Store,Pizza Place,Mexican Restaurant,Trail
Staten Island,Sandy Ground,1,40.54113992,-74.21776636,2,Donut Shop,Pizza Place,Diner,Pharmacy,Grocery Store,Martial Arts Dojo,Miscellaneous Shop,Trail,Bakery,Bagel Shop
Staten Island,Egbertville,1,40.57911874,-74.12727241,2,Bagel Shop,Cosmetics Shop,Art Museum,Steakhouse,Flower Shop,Gas Station,Park,Mexican Restaurant,Massage Studio,Clothing Store
Queens,Roxbury,1,40.56737589,-73.8921376,2,Art Gallery,Theater,Beach,Baseball Field,Irish Pub,Public Art,Deli / Bodega,Scenic Lookout,Pier,Snack Place
Brooklyn,Homecrest,1,40.5985251,-73.95918459,2,Bank,Russian Restaurant,Grocery Store,Donut Shop,Pizza Place,Pharmacy,Lounge,Sushi Restaurant,General Eating,Café
Queens,Middle Village,1,40.71641451,-73.88114319,2,Deli / Bodega,Pizza Place,Convenience Store,Bus Line,Chinese Restaurant,Bank,Bakery,Bus Station,Sports Bar,Sushi Restaurant
Staten Island,Prince's Bay,1,40.52626407,-74.20152556,2,Pizza Place,Bagel Shop,Liquor Store,Park,Pharmacy,Bank,Bridal Shop,Sushi Restaurant,Daycare,Film Studio
Staten Island,Lighthouse Hill,1,40.57650629,-74.13792664,1,Italian Restaurant,Golf Course,Bagel Shop,Art Museum,History Museum,Café,Ice Cream Shop,Spa,Cosmetics Shop,Event Service
Staten Island,Richmond Valley,1,40.51954146,-74.22957081,2,Bank,Fast Food Restaurant,Bakery,Pharmacy,Italian Restaurant,Diner,Japanese Restaurant,American Restaurant,Cosmetics Shop,Deli / Bodega
Queens,Malba,1,40.79060156,-73.82667757,2,Pizza Place,Bus Station,Discount Store,Park,Gym,Intersection,Chinese Restaurant,Coffee Shop,Bank,Diner
Brooklyn,Highland Park,1,40.68199893,-73.89034571,2,Pizza Place,Donut Shop,Fast Food Restaurant,Ice Cream Shop,Latin American Restaurant,Bakery,Fried Chicken Joint,Sandwich Place,Gym / Fitness Center,Bar
Brooklyn,Madison,1,40.6093777,-73.94841515,2,Pizza Place,Pharmacy,Bus Station,Donut Shop,Mobile Phone Shop,Sushi Restaurant,Bagel Shop,Bank,Grocery Store,General Eating
Bronx,Bronxdale,1,40.85272298,-73.86172578,2,Pizza Place,Pharmacy,Italian Restaurant,Bank,Donut Shop,Coffee Shop,Sandwich Place,Deli / Bodega,Chinese Restaurant,Supermarket
Bronx,Allerton,1,40.86578788,-73.85931863,2,Pizza Place,Donut Shop,Deli / Bodega,Pharmacy,Sandwich Place,Supermarket,Caribbean Restaurant,Fast Food Restaurant,Fried Chicken Joint,Laundromat
Bronx,Kingsbridge Heights,1,40.87039239,-73.90152265,2,Gym,Supermarket,Donut Shop,Coffee Shop,Pizza Place,Latin American Restaurant,Diner,Bakery,Spanish Restaurant,Chinese Restaurant
Brooklyn,Erasmus,1,40.64692607,-73.9481771,2,Caribbean Restaurant,Discount Store,Pizza Place,Deli / Bodega,Lounge,Grocery Store,Pharmacy,Mobile Phone Shop,Bank,Juice Bar
Manhattan,Hudson Yards,1,40.75665808,-74.00011136,1,Gym / Fitness Center,Theater,Hotel,Dance Studio,Italian Restaurant,Indie Theater,Art Gallery,Gym,Lounge,Coffee Shop
Queens,Hammels,1,40.58733774,-73.80553003,2,Beach,Surf Spot,Pizza Place,Taco Place,Supermarket,Donut Shop,Beach Bar,Coffee Shop,Wine Bar,Bus Stop
Queens,Bayswater,1,40.61132169,-73.76596781,2,Grocery Store,Chinese Restaurant,Construction & Landscaping,Pizza Place,Playground,Home Service,Park,Other Great Outdoors,Hardware Store,Fishing Store
Queens,Queensbridge,1,40.7560913,-73.9456307,1,Hotel,Coffee Shop,Café,Sandwich Place,Brewery,Italian Restaurant,Mexican Restaurant,Bar,Climbing Gym,Park
Staten Island,Fox Hills,1,40.61731079,-74.08173992,2,Park,Spanish Restaurant,Food Truck,Deli / Bodega,Grocery Store,Chinese Restaurant,Train Station,Hardware Store,Pizza Place,Sandwich Place
Scarborough,"Rouge, Malvern",2,43.8066863,-79.1943534,1,Fast Food Restaurant,Coffee Shop,Bakery,Sandwich Place,Trail,Martial Arts Dojo,Gym,Caribbean Restaurant,Paper / Office Supplies Store,Spa
Scarborough,"Highland Creek, Rouge Hill, Port Union",2,43.7845351,-79.1604971,1,Park,Italian Restaurant,Breakfast Spot,Burger Joint,Playground,Fabric Shop,Fast Food Restaurant,Farmers Market,Farm,Falafel Restaurant
Scarborough,"Guildwood, Morningside, West Hill",2,43.7635726,-79.1887115,2,Pizza Place,Coffee Shop,Pharmacy,Fast Food Restaurant,Grocery Store,Beer Store,Liquor Store,Smoothie Shop,Greek Restaurant,Bank
Scarborough,Woburn,2,43.7709921,-79.2169174,1,Park,Coffee Shop,Indian Restaurant,Pharmacy,Fast Food Restaurant,Electronics Store,Chinese Restaurant,Flower Shop,Empanada Restaurant,English Restaurant
Scarborough,Cedarbrae,2,43.773136,-79.2394761,1,Bakery,Coffee Shop,Pharmacy,Indian Restaurant,Bank,Gas Station,Hakka Restaurant,Burger Joint,Grocery Store,Thai Restaurant
Scarborough,Scarborough Village,2,43.7447342,-79.2394761,2,Fast Food Restaurant,Japanese Restaurant,General Eating,Train Station,Coffee Shop,Convenience Store,Sandwich Place,Bowling Alley,Pizza Place,Grocery Store
Scarborough,"East Birchmount Park, Ionview, Kennedy Park",2,43.7279292,-79.2620294,2,Coffee Shop,Chinese Restaurant,Discount Store,Grocery Store,Fast Food Restaurant,Light Rail Station,Bank,Rental Car Location,Pizza Place,Asian Restaurant
Scarborough,"Clairlea, Golden Mile, Oakridge",2,43.7111117,-79.2845772,1,Diner,Coffee Shop,Intersection,Bus Line,Bakery,Fast Food Restaurant,General Eating,Sandwich Place,Pizza Place,Park
Scarborough,"Cliffcrest, Cliffside, Scarborough Village West",2,43.716316,-79.2394761,2,Beach,Fast Food Restaurant,Pizza Place,Park,Hardware Store,Cajun / Creole Restaurant,Burger Joint,Sports Bar,Auto Workshop,Farmers Market
Scarborough,"Birch Cliff, Cliffside West",2,43.692657,-79.2648481,1,Business Service,Park,Fast Food Restaurant,Thai Restaurant,Café,Diner,General Entertainment,College Stadium,General Eating,Asian Restaurant
Scarborough,"Dorset Park, Scarborough Town Centre, Wexford Heights",2,43.7574096,-79.273304,1,Electronics Store,Bakery,Fast Food Restaurant,Coffee Shop,Asian Restaurant,Burger Joint,Automotive Shop,Chinese Restaurant,Indian Restaurant,Pharmacy
Scarborough,"Maryvale, Wexford",2,43.7500715,-79.2958491,1,Middle Eastern Restaurant,Burger Joint,Intersection,Grocery Store,Pizza Place,Breakfast Spot,Coffee Shop,Gas Station,Hookah Bar,General Eating
Scarborough,Agincourt,2,43.7942003,-79.2620294,2,Chinese Restaurant,Shopping Mall,Caribbean Restaurant,Sandwich Place,Supermarket,Coffee Shop,Bakery,Malay Restaurant,Sri Lankan Restaurant,Lounge
Scarborough,"Clarks Corners, Sullivan, Tam O'Shanter",2,43.7816375,-79.3043021,2,Pizza Place,Sandwich Place,Fast Food Restaurant,Coffee Shop,Intersection,Greek Restaurant,Seafood Restaurant,Bakery,Pharmacy,Shopping Mall
Scarborough,"Agincourt North, L'Amoreaux East, Milliken, Steeles East",2,43.8152522,-79.2845772,2,Chinese Restaurant,Park,Pizza Place,Bakery,Fast Food Restaurant,Caribbean Restaurant,Event Space,Grocery Store,Gym,Vegetarian / Vegan Restaurant
Scarborough,L'Amoreaux West,2,43.7995252,-79.3183887,2,Coffee Shop,Chinese Restaurant,Fast Food Restaurant,Bakery,Sandwich Place,Breakfast Spot,Tennis Court,Hotpot Restaurant,Bank,Pizza Place
North York,Hillcrest Village,2,43.8037622,-79.3634517,1,Pharmacy,Coffee Shop,Park,Housing Development,Grocery Store,Shopping Mall,Bakery,Pizza Place,Pool,Chinese Restaurant
North York,"Fairview, Henry Farm, Oriole",2,43.7785175,-79.3465557,1,Clothing Store,Coffee Shop,Sandwich Place,Japanese Restaurant,Fast Food Restaurant,Bakery,Bank,Liquor Store,General Eating,Tea Room
North York,Bayview Village,2,43.7869473,-79.385975,2,Japanese Restaurant,Grocery Store,Bank,Shopping Mall,Gas Station,Café,Fast Food Restaurant,Park,Trail,Skating Rink
North York,"Silver Hills, York Mills",2,43.7574902,-79.3747141,1,Park,Pool,Fabric Shop,Fast Food Restaurant,Farmers Market,Farm,Falafel Restaurant,Factory,Zoo Exhibit,Elementary School
North York,"Newtonbrook, Willowdale",2,43.789053,-79.4084928,1,Korean Restaurant,Café,Coffee Shop,Middle Eastern Restaurant,Park,Pizza Place,Fast Food Restaurant,Sandwich Place,Trail,Bank
North York,Willowdale South,2,43.7701199,-79.4084928,1,Coffee Shop,Ramen Restaurant,Bubble Tea Shop,Korean Restaurant,Japanese Restaurant,Pizza Place,Sandwich Place,Fast Food Restaurant,Café,General Eating
North York,York Mills West,2,43.7527583,-79.4000493,1,Coffee Shop,Park,General Eating,French Restaurant,Dentist's Office,Pet Store,Grocery Store,Dog Run,Gas Station,Bank
North York,Willowdale West,2,43.7827364,-79.4422593,2,Pharmacy,Butcher,Bakery,Coffee Shop,Discount Store,Convenience Store,Eastern European Restaurant,Bus Line,Park,Pizza Place
North York,Parkwoods,2,43.7532586,-79.3296565,2,Park,Bus Stop,Pharmacy,Shopping Mall,Convenience Store,Caribbean Restaurant,Coffee Shop,Train Station,Chinese Restaurant,Grocery Store
North York,Don Mills North,2,43.7459058,-79.352188,1,Japanese Restaurant,Coffee Shop,Burger Joint,Pizza Place,Gym / Fitness Center,Athletics & Sports,Liquor Store,Electronics Store,Bank,Bar
North York,"Flemingdon Park, Don Mills South",2,43.7258997,-79.340923,1,General Eating,Gym,Asian Restaurant,Supermarket,Japanese Restaurant,Coffee Shop,American Restaurant,Beer Store,Middle Eastern Restaurant,Salon / Barbershop
North York,"Bathurst Manor, Downsview North, Wilson Heights",2,43.7543283,-79.4422593,2,Coffee Shop,Supermarket,Sandwich Place,Dog Run,Pharmacy,Trail,Shopping Mall,Mediterranean Restaurant,Ski Area,Ski Chalet
North York,"Northwood Park, York University",2,43.7679803,-79.4872619,1,Pizza Place,Coffee Shop,Furniture / Home Store,General Eating,Middle Eastern Restaurant,Massage Studio,Bank,Chinese Restaurant,Metro Station,Bar
North York,"CFB Toronto, Downsview East",2,43.7374732,-79.4647633,1,Coffee Shop,Turkish Restaurant,Chinese Restaurant,Other Repair Shop,Athletics & Sports,Sandwich Place,Pizza Place,Latin American Restaurant,Soccer Field,Liquor Store
North York,Downsview West,2,43.7390146,-79.5069436,1,Park,Spa,Shopping Mall,Vietnamese Restaurant,Coffee Shop,Grocery Store,Pizza Place,Gym / Fitness Center,Bank,Ethiopian Restaurant
North York,Downsview Central,2,43.7284964,-79.4956974,1,Vietnamese Restaurant,General Eating,Baseball Field,Zoo Exhibit,Fast Food Restaurant,Farmers Market,Farm,Falafel Restaurant,Factory,Fabric Shop
North York,Downsview Northwest,2,43.7616313,-79.5209994,2,Hotel,Fast Food Restaurant,Coffee Shop,Pizza Place,Grocery Store,Pharmacy,Discount Store,Gas Station,Liquor Store,Sandwich Place
North York,Victoria Village,2,43.7258823,-79.3155716,1,Coffee Shop,Men's Store,Playground,Portuguese Restaurant,Golf Course,Sporting Goods Shop,Hockey Arena,Park,Furniture / Home Store,Gym / Fitness Center
East York,"Woodbine Gardens, Parkview Hill",2,43.7063972,-79.309937,1,Brewery,Coffee Shop,Pizza Place,Fast Food Restaurant,Bank,Café,Gym / Fitness Center,Bakery,Soccer Stadium,Athletics & Sports
East York,Woodbine Heights,2,43.6953439,-79.3183887,1,Coffee Shop,Park,Sandwich Place,Thai Restaurant,Pizza Place,Beer Store,Skating Rink,Farmers Market,Spa,Asian Restaurant
East Toronto,The Beaches,2,43.6763574,-79.2930312,1,Pub,Coffee Shop,Pizza Place,Bakery,Bar,Beach,Japanese Restaurant,Breakfast Spot,Burger Joint,Caribbean Restaurant
East York,Leaside,2,43.7090604,-79.3634517,1,Sporting Goods Shop,Coffee Shop,Grocery Store,Electronics Store,Furniture / Home Store,Sports Bar,Burger Joint,Sandwich Place,Brewery,General Eating
East York,Thorncliffe Park,2,43.7053689,-79.3493719,1,Coffee Shop,Indian Restaurant,Grocery Store,Burger Joint,Pizza Place,Supermarket,Afghan Restaurant,Turkish Restaurant,Gym,Park
East York,East Toronto,2,43.685347,-79.3381065,1,Coffee Shop,Café,Greek Restaurant,Ethiopian Restaurant,Bar,Pharmacy,Park,Pizza Place,Bakery,Gastropub
East Toronto,"The Danforth West, Riverdale",2,43.6795571,-79.352188,1,Greek Restaurant,Coffee Shop,Café,Pub,Pizza Place,Ice Cream Shop,Italian Restaurant,Fast Food Restaurant,Bank,Ramen Restaurant
East Toronto,"The Beaches West, India Bazaar",2,43.6689985,-79.3155716,1,Indian Restaurant,Coffee Shop,Beach,Café,Sandwich Place,Brewery,Gym,Pizza Place,Bus Stop,Butcher
East Toronto,Studio District,2,43.6595255,-79.340923,1,Coffee Shop,Bar,Vietnamese Restaurant,American Restaurant,Café,Bakery,Italian Restaurant,Diner,Brewery,French Restaurant
Central Toronto,Lawrence Park,2,43.7280205,-79.3887901,1,Café,Bookstore,Gym / Fitness Center,College Quad,Trail,Coffee Shop,Park,College Gym,Eye Doctor,Fabric Shop
Central Toronto,Davisville North,2,43.7127511,-79.3901975,1,Coffee Shop,Italian Restaurant,Café,Fast Food Restaurant,Pharmacy,Dessert Shop,Sushi Restaurant,Pizza Place,Gym,Diner
Central Toronto,North Toronto West,2,43.7153834,-79.4056784,1,Park,Italian Restaurant,Coffee Shop,Sporting Goods Shop,Skating Rink,Mexican Restaurant,Café,Diner,Bakery,General Eating
Central Toronto,Davisville,2,43.7043244,-79.3887901,1,Coffee Shop,Italian Restaurant,Sushi Restaurant,Café,Pizza Place,Gym,Indian Restaurant,Dessert Shop,Fast Food Restaurant,General Eating
Central Toronto,"Moore Park, Summerhill East",2,43.6895743,-79.3831599,1,Italian Restaurant,Coffee Shop,Gym,Park,Café,Grocery Store,General Eating,Bagel Shop,Thai Restaurant,Pub
Central Toronto,"Deer Park, Forest Hill SE, Rathnelly, South Hill, Summerhill West",2,43.6864123,-79.4000493,1,Coffee Shop,Park,Sushi Restaurant,Italian Restaurant,Thai Restaurant,Pizza Place,Bagel Shop,Gym / Fitness Center,Liquor Store,Gym
Downtown Toronto,Rosedale,2,43.6795626,-79.3775294,2,Caribbean Restaurant,Furniture / Home Store,Cosmetics Shop,Park,Coffee Shop,Sandwich Place,Pharmacy,Fast Food Restaurant,Grocery Store,Bank
Downtown Toronto,"Cabbagetown, St. James Town",2,43.667967,-79.3676753,1,Park,Japanese Restaurant,Gastropub,General Eating,Café,Diner,Caribbean Restaurant,Bar,Gift Shop,Thai Restaurant
Downtown Toronto,Church and Wellesley,2,43.6658599,-79.3831599,1,Coffee Shop,Japanese Restaurant,Park,Sushi Restaurant,Men's Store,Italian Restaurant,Gay Bar,Café,Mediterranean Restaurant,Gastropub
Downtown Toronto,Harbourfront,2,43.6542599,-79.3606359,1,Coffee Shop,Park,Pub,Theater,Café,Breakfast Spot,Diner,Bakery,Italian Restaurant,General Eating
Downtown Toronto,"Ryerson, Garden District",2,43.6571618,-79.3789371,1,Coffee Shop,Clothing Store,Middle Eastern Restaurant,General Eating,Tea Room,Fast Food Restaurant,Diner,Italian Restaurant,Japanese Restaurant,Bakery
Downtown Toronto,St. James Town,2,43.6514939,-79.3754179,1,Coffee Shop,Café,General Eating,Hotel,Bakery,Italian Restaurant,Breakfast Spot,Cosmetics Shop,Seafood Restaurant,Theater
Downtown Toronto,Berczy Park,2,43.6447708,-79.3733064,1,Coffee Shop,Café,Hotel,Beer Bar,Japanese Restaurant,General Eating,Italian Restaurant,Farmers Market,Seafood Restaurant,Steakhouse
Downtown Toronto,Central Bay Street,2,43.6579524,-79.3873826,1,Coffee Shop,Café,Park,Italian Restaurant,Japanese Restaurant,Ramen Restaurant,Bakery,Tea Room,Cosmetics Shop,Clothing Store
Downtown Toronto,"Adelaide, King, Richmond",2,43.6505712,-79.3845675,1,Café,Coffee Shop,Hotel,Theater,American Restaurant,Sushi Restaurant,Gastropub,Asian Restaurant,Gym,Japanese Restaurant
Downtown Toronto,"Harbourfront East, Toronto Islands, Union Station",2,43.6408157,-79.3817523,1,Coffee Shop,Hotel,Aquarium,Italian Restaurant,General Eating,Café,Bar,Brewery,Park,Japanese Restaurant
Downtown Toronto,"Design Exchange, Toronto Dominion Centre",2,43.6471768,-79.3815764,1,Café,Hotel,Coffee Shop,Italian Restaurant,Steakhouse,General Eating,American Restaurant,Plaza,Salad Place,Asian Restaurant
Downtown Toronto,"Commerce Court, Victoria Hotel",2,43.6481985,-79.3798169,1,Coffee Shop,Café,Hotel,Concert Hall,General Eating,Steakhouse,American Restaurant,Beer Bar,Japanese Restaurant,Gym
North York,"Bedford Park, Lawrence Manor East",2,43.7332825,-79.4197497,1,Italian Restaurant,Coffee Shop,Fast Food Restaurant,Butcher,Bagel Shop,Bakery,Bank,Grocery Store,Greek Restaurant,Thai Restaurant
Central Toronto,Roselawn,2,43.7116948,-79.4169356,1,Café,Coffee Shop,Pharmacy,Italian Restaurant,Sushi Restaurant,Bank,Skating Rink,Asian Restaurant,Clothing Store,Spa
Central Toronto,"Forest Hill North, Forest Hill West",2,43.6969476,-79.4113072,1,Coffee Shop,Café,Park,Pharmacy,Sushi Restaurant,Skating Rink,Gym / Fitness Center,Bank,Bakery,Trail
Central Toronto,"The Annex, North Midtown, Yorkville",2,43.6727097,-79.4056784,1,Café,Vegetarian / Vegan Restaurant,General Eating,Pub,Gym,Bakery,Coffee Shop,Italian Restaurant,Museum,Grocery Store
Downtown Toronto,"Harbord, University of Toronto",2,43.6626956,-79.4000493,1,Café,Bakery,Bar,Coffee Shop,Mexican Restaurant,General Eating,Vegetarian / Vegan Restaurant,Bookstore,Grocery Store,Burger Joint
Downtown Toronto,"Chinatown, Grange Park, Kensington Market",2,43.6532057,-79.4000493,1,Café,Bar,Vegetarian / Vegan Restaurant,Vietnamese Restaurant,Bakery,Mexican Restaurant,Art Gallery,Coffee Shop,French Restaurant,Yoga Studio
Downtown Toronto,"CN Tower, Bathurst Quay, Island airport, Harbourfront West, King and Spadina, Railway Lands, South Niagara",2,43.6289467,-79.3944199,1,Harbor / Marina,Coffee Shop,Dance Studio,Sculpture Garden,Park,Café,Dog Run,Garden,Airport Lounge,Airport
Downtown Toronto,Stn A PO Boxes 25 The Esplanade,2,43.6464352,-79.374846,1,Coffee Shop,Café,General Eating,Hotel,Beer Bar,Japanese Restaurant,Gastropub,Bakery,Art Gallery,Seafood Restaurant
Downtown Toronto,"First Canadian Place, Underground city",2,43.6484292,-79.3822802,1,Coffee Shop,Café,Hotel,Theater,Steakhouse,Japanese Restaurant,Italian Restaurant,American Restaurant,Asian Restaurant,Sushi Restaurant
North York,"Lawrence Heights, Lawrence Manor",2,43.718518,-79.4647633,1,Coffee Shop,Fast Food Restaurant,Clothing Store,Fried Chicken Joint,Furniture / Home Store,General Eating,Vietnamese Restaurant,Dessert Shop,Miscellaneous Shop,Fraternity House
North York,Glencairn,2,43.709577,-79.4450726,2,Fast Food Restaurant,Grocery Store,Park,Coffee Shop,Pizza Place,Gym,Gas Station,Furniture / Home Store,Playground,Latin American Restaurant
York,Humewood-Cedarvale,2,43.6937813,-79.4281914,1,Coffee Shop,Pizza Place,Grocery Store,Bagel Shop,Convenience Store,Korean Restaurant,Middle Eastern Restaurant,Bank,Trail,Bakery
York,Caledonia-Fairbanks,2,43.6890256,-79.453512,2,Park,Mexican Restaurant,Pharmacy,Cosmetics Shop,Discount Store,Bus Stop,Sporting Goods Shop,Café,Fast Food Restaurant,Falafel Restaurant
Downtown Toronto,Christie,2,43.669542,-79.4225637,1,Korean Restaurant,Café,Coffee Shop,Grocery Store,Ice Cream Shop,Cocktail Bar,Diner,Ethiopian Restaurant,Vegetarian / Vegan Restaurant,Park
West Toronto,"Dovercourt Village, Dufferin",2,43.6690051,-79.4422593,1,Café,Park,Coffee Shop,Sushi Restaurant,Italian Restaurant,Portuguese Restaurant,Bar,Gym,Pharmacy,Supermarket
West Toronto,"Little Portugal, Trinity",2,43.6479267,-79.4197497,1,Café,Bakery,Bar,Coffee Shop,General Eating,Pizza Place,Asian Restaurant,Cocktail Bar,Vegetarian / Vegan Restaurant,Italian Restaurant
West Toronto,"Brockton, Exhibition Place, Parkdale Village",2,43.6368472,-79.4281914,1,Café,General Eating,Coffee Shop,Bar,Furniture / Home Store,Bakery,Tibetan Restaurant,Vegetarian / Vegan Restaurant,Arts & Crafts Store,Soccer Stadium
North York,"Downsview, North Park, Upwood Park",2,43.7137562,-79.4900738,1,Coffee Shop,Mediterranean Restaurant,Convenience Store,Athletics & Sports,Sandwich Place,Dim Sum Restaurant,Pizza Place,Park,Bakery,Chinese Restaurant
York,"Del Ray, Keelesdale, Mount Dennis, Silverthorn",2,43.6911158,-79.4760133,1,Furniture / Home Store,Grocery Store,Dessert Shop,Shopping Mall,Park,Fast Food Restaurant,General Eating,Sandwich Place,Video Store,Check Cashing Service
York,"The Junction North, Runnymede",2,43.6731853,-79.4872619,1,Park,Pizza Place,Coffee Shop,Bus Line,Brewery,Sandwich Place,Beer Store,Gas Station,Fast Food Restaurant,Furniture / Home Store
West Toronto,"High Park, The Junction South",2,43.6616083,-79.4647633,1,Bar,Café,Coffee Shop,Convenience Store,Thai Restaurant,Park,Italian Restaurant,Sushi Restaurant,Flea Market,Food Truck
West Toronto,"Parkdale, Roncesvalles",2,43.6489597,-79.456325,1,Coffee Shop,Café,Pizza Place,Bar,Sushi Restaurant,Thai Restaurant,Breakfast Spot,General Eating,Eastern European Restaurant,Pub
West Toronto,"Runnymede, Swansea",2,43.6515706,-79.4844499,1,Coffee Shop,Café,Bakery,Pizza Place,General Eating,Italian Restaurant,Pub,Park,Gastropub,Sushi Restaurant
Queen's Park,Queen's Park,2,43.6623015,-79.3894938,1,Coffee Shop,Park,Gastropub,Sushi Restaurant,Café,Japanese Restaurant,Ramen Restaurant,Thai Restaurant,Gay Bar,Bookstore
Mississauga,Canada Post Gateway Processing Centre,2,43.6369656,-79.615819,1,Coffee Shop,Middle Eastern Restaurant,Hotel,Gym,Fried Chicken Joint,Sushi Restaurant,Breakfast Spot,Asian Restaurant,General Eating,Indian Restaurant
East Toronto,Business Reply Mail Processing Centre 969 Eastern,2,43.6627439,-79.321558,1,Coffee Shop,Park,Brewery,Pizza Place,Sushi Restaurant,Italian Restaurant,General Eating,Breakfast Spot,Bistro,Electronics Store
Etobicoke,"Humber Bay Shores, Mimico South, New Toronto",2,43.6056466,-79.5013207,1,Park,Fast Food Restaurant,Dessert Shop,Skating Rink,Pharmacy,Bakery,Liquor Store,Seafood Restaurant,Pizza Place,General Eating
Etobicoke,"Alderwood, Long Branch",2,43.6024137,-79.5434841,2,Pharmacy,Discount Store,Park,Pizza Place,Garden Center,Gas Station,Moroccan Restaurant,Grocery Store,Gym,Sandwich Place
Etobicoke,"The Kingsway, Montgomery Road, Old Mill North",2,43.6536536,-79.5069436,1,Coffee Shop,Park,Burger Joint,Pub,Sushi Restaurant,Breakfast Spot,Dessert Shop,Pizza Place,Italian Restaurant,French Restaurant
Etobicoke,"Humber Bay, King's Mill Park, Kingsway Park South East, Mimico NE, Old Mill South, The Queensway East, Royal York South East, Sunnylea",2,43.6362579,-79.4985091,1,Italian Restaurant,Park,Eastern European Restaurant,Ice Cream Shop,Shopping Mall,Eye Doctor,Farmers Market,Farm,Falafel Restaurant,Factory
Etobicoke,"Kingsway Park South West, Mimico NW, The Queensway West, Royal York South West, South of Bloor",2,43.6288408,-79.5209994,1,Gym / Fitness Center,Burrito Place,Coffee Shop,Convenience Store,Pet Store,Burger Joint,Storage Facility,Sushi Restaurant,General Eating,Grocery Store
Queen's Park,Queen's Park,2,43.6678556,-79.5322424,1,Coffee Shop,Park,Gastropub,Sushi Restaurant,Café,Japanese Restaurant,Ramen Restaurant,Thai Restaurant,Gay Bar,Bookstore
Etobicoke,"Cloverdale, Islington, Martin Grove, Princess Gardens, West Deane Park",2,43.6509432,-79.5547244,1,Park,Convenience Store,Pizza Place,Hotel,Mexican Restaurant,American Restaurant,Theater,Café,Bank,Fish & Chips Shop
Etobicoke,"Bloordale Gardens, Eringate, Markland Wood, Old Burnhamthorpe",2,43.6435152,-79.5772008,1,Coffee Shop,Transportation Service,Beer Store,Pizza Place,Liquor Store,Pet Store,Farmers Market,College Rec Center,Café,Gas Station
North York,Humber Summit,2,43.7563033,-79.5659633,2,Italian Restaurant,Arts & Crafts Store,Bank,Bakery,Pharmacy,Electronics Store,Shopping Mall,Pizza Place,Park,Empanada Restaurant
North York,"Emery, Humberlea",2,43.7247659,-79.5322424,2,Bakery,Intersection,Discount Store,Park,Gas Station,Storage Facility,Golf Course,Convenience Store,Event Space,Exhibit
York,Weston,2,43.706876,-79.5181884,1,Pizza Place,Train Station,Coffee Shop,Middle Eastern Restaurant,Diner,Pharmacy,Skating Rink,Breakfast Spot,Convenience Store,Fried Chicken Joint
Etobicoke,Westmount,2,43.696319,-79.5322424,2,Pizza Place,Chinese Restaurant,Ice Cream Shop,Breakfast Spot,Park,Golf Course,Golf Driving Range,Mobile Phone Shop,Middle Eastern Restaurant,Coffee Shop
Etobicoke,"Kingsview Village, Martin Grove Gardens, Richview Gardens, St. Phillips",2,43.6889054,-79.5547244,2,Pharmacy,Bank,Business Service,Shopping Mall,Mobile Phone Shop,Beer Store,Coffee Shop,Pizza Place,Sandwich Place,Gas Station
Etobicoke,"Albion Gardens, Beaumond Heights, Humbergate, Jamestown, Mount Olive, Silverstone, South Steeles, Thistletown",2,43.7394164,-79.5884369,2,Pizza Place,Grocery Store,Hardware Store,Bus Line,Fast Food Restaurant,Sandwich Place,Park,Beer Store,Construction & Landscaping,Fried Chicken Joint
Etobicoke,Northwest,2,43.7067483,-79.5940544,1,Hotel,Coffee Shop,Dog Run,Zoo Exhibit,Elementary School,Farmers Market,Farm,Falafel Restaurant,Factory,Fabric Shop
"1st arrondissement(Called ""du Louvre"")",Saint-Germain-l'Auxerrois,3,48.8595,2.3414,0,French Restaurant,Plaza,Hotel,Art Museum,Italian Restaurant,General Eating,Historic Site,Ice Cream Shop,Wine Bar,Exhibit
"1st arrondissement(Called ""du Louvre"")",Les Halles,3,48.8623,2.3447,0,French Restaurant,Wine Bar,Plaza,Italian Restaurant,Cocktail Bar,Bakery,Pedestrian Plaza,Coffee Shop,Historic Site,Ice Cream Shop
"1st arrondissement(Called ""du Louvre"")",Palais-Royal,3,48.8638,2.3371,0,Japanese Restaurant,French Restaurant,Plaza,Hotel,Café,Wine Bar,Italian Restaurant,Art Museum,Udon Restaurant,Historic Site
"1st arrondissement(Called ""du Louvre"")",Place-Vendôme,3,48.8675,2.3294,0,Hotel,Boutique,French Restaurant,Plaza,Japanese Restaurant,Bookstore,Pastry Shop,Art Museum,Hotel Bar,Gourmet Shop
"2nd arrondissement(Called ""de la Bourse"")",Gaillon,3,49.16104,1.34016,2,Supermarket,Automotive Shop,Fast Food Restaurant,Salon / Barbershop,Hobby Shop,Arts & Crafts Store,Golf Course,Convenience Store,Event Space,Exhibit
"2nd arrondissement(Called ""de la Bourse"")",Vivienne,3,48.8702,2.3386,0,French Restaurant,Hotel,Japanese Restaurant,Theater,Wine Bar,Italian Restaurant,Bakery,Udon Restaurant,Candy Store,Café
"2nd arrondissement(Called ""de la Bourse"")",Mail,3,48.868099,2.343845,0,French Restaurant,Wine Bar,Japanese Restaurant,Cocktail Bar,Italian Restaurant,Hotel,Bar,Bakery,Pedestrian Plaza,Theater
"2nd arrondissement(Called ""de la Bourse"")",Bonne-Nouvelle,3,48.8675,2.3496,0,French Restaurant,Hotel,Bakery,Wine Bar,Cocktail Bar,Italian Restaurant,Coffee Shop,Pizza Place,Bar,Pedestrian Plaza
"3rd arrondissement(Called ""du Temple"")",Arts-et-Métiers,3,48.8667,2.3573,1,Wine Bar,Coffee Shop,Italian Restaurant,French Restaurant,Hotel,Bakery,Cocktail Bar,Burger Joint,Sandwich Place,Japanese Restaurant
"3rd arrondissement(Called ""du Temple"")",Enfants-Rouges,3,48.8645,2.3634,0,French Restaurant,Clothing Store,Wine Bar,Italian Restaurant,Sandwich Place,Coffee Shop,Hotel,Café,Burger Joint,Art Gallery
"3rd arrondissement(Called ""du Temple"")",Archives,3,48.8592,2.3621,0,Clothing Store,French Restaurant,Café,Art Gallery,Burger Joint,Ice Cream Shop,Garden,General Eating,Tea Room,Pastry Shop
"3rd arrondissement(Called ""du Temple"")",Sainte-Avoye,3,48.863,2.3542,1,French Restaurant,Italian Restaurant,Burger Joint,General Eating,Coffee Shop,Bookstore,Tea Room,Sandwich Place,Bakery,Gourmet Shop
"4th arrondissement(Called ""de l'Hôtel-de-Ville"")",Saint-Merri,3,48.8573,2.3516,0,French Restaurant,Ice Cream Shop,Art Gallery,Plaza,Coffee Shop,Burger Joint,Wine Bar,Bakery,Gourmet Shop,Bookstore
"4th arrondissement(Called ""de l'Hôtel-de-Ville"")",Saint-Gervais,3,48.856,2.358,0,French Restaurant,Ice Cream Shop,Pastry Shop,Clothing Store,Tea Room,General Eating,Garden,Art Gallery,Plaza,Coffee Shop
"4th arrondissement(Called ""de l'Hôtel-de-Ville"")",Arsenal,3,48.8521,2.3654,0,French Restaurant,Plaza,Cocktail Bar,Hotel,Pizza Place,Italian Restaurant,Art Gallery,Thai Restaurant,Tea Room,Bar
"4th arrondissement(Called ""de l'Hôtel-de-Ville"")",Notre-Dame,3,48.8538,2.3428,0,French Restaurant,Plaza,Wine Bar,Seafood Restaurant,Indie Movie Theater,Bookstore,Bistro,Chocolate Shop,Theater,Pastry Shop
"5th arrondissement(Called ""du Panthéon"")",Quartier Saint-Victor,3,48.8474,2.3528,0,French Restaurant,Plaza,Ice Cream Shop,Bakery,Wine Bar,Hotel,Coffee Shop,Italian Restaurant,Pastry Shop,Park
"5th arrondissement(Called ""du Panthéon"")",Jardin-des-Plantes,3,48.8433,2.361,0,French Restaurant,Garden,Hotel,Museum,Greek Restaurant,Science Museum,Plaza,Bakery,Café,Creperie
"5th arrondissement(Called ""du Panthéon"")",Val-de-Grâce,3,48.8424,2.3447,0,French Restaurant,Hotel,Café,Plaza,Bakery,Wine Bar,Fountain,Creperie,Coffee Shop,Italian Restaurant
"5th arrondissement(Called ""du Panthéon"")",Sorbonne,3,48.8496,2.3449,0,French Restaurant,Plaza,Indie Movie Theater,Wine Bar,Hotel,Bookstore,Seafood Restaurant,Bakery,Coffee Shop,Fountain
"6th arrondissement(Called ""du Luxembourg"")",Monnaie,3,48.8566,2.3522,0,French Restaurant,Ice Cream Shop,Art Gallery,Pastry Shop,Garden,Coffee Shop,Gourmet Shop,Plaza,Bookstore,General Eating
"6th arrondissement(Called ""du Luxembourg"")",Odéon,3,48.8499,2.3387,0,French Restaurant,Plaza,Wine Bar,Bookstore,Italian Restaurant,Indie Movie Theater,Cocktail Bar,Fountain,Hotel,Seafood Restaurant
"6th arrondissement(Called ""du Luxembourg"")",Notre-Dame-des-Champs,3,48.8477,2.3283,0,French Restaurant,Italian Restaurant,Hotel,Creperie,Wine Bar,Garden,Japanese Restaurant,Cocktail Bar,Seafood Restaurant,Bakery
"6th arrondissement(Called ""du Luxembourg"")",Saint-Germain-des-Prés,3,48.8538,2.3333,0,French Restaurant,Hotel,Italian Restaurant,Wine Bar,Bistro,Seafood Restaurant,Sandwich Place,Cosmetics Shop,Café,Ramen Restaurant
"7th arrondissement(Called ""du Palais-Bourbon"")",Saint-Thomas-d'Aquin,3,48.8553,2.3261,0,French Restaurant,Hotel,Italian Restaurant,Art Museum,Plaza,Garden,Bistro,Bookstore,Bakery,Japanese Restaurant
"7th arrondissement(Called ""du Palais-Bourbon"")",Les Invalides,3,48.8565,2.3127,0,French Restaurant,Hotel,Italian Restaurant,Plaza,Café,Historic Site,History Museum,Garden,Bar,Coffee Shop
"7th arrondissement(Called ""du Palais-Bourbon"")",École-Militaire,3,48.8524,2.3037,0,French Restaurant,Hotel,Italian Restaurant,Bakery,Pastry Shop,Historic Site,Plaza,Korean Restaurant,Bistro,Garden
"7th arrondissement(Called ""du Palais-Bourbon"")",Gros-Caillou,3,48.8583,2.3039,0,French Restaurant,Hotel,Italian Restaurant,Plaza,Garden,Café,Historic Site,Bar,Pastry Shop,Monument / Landmark
"8th arrondissement(Called ""de l'Élysée"")",Champs-Élysées,3,48.870502,2.304897,0,Hotel,French Restaurant,Boutique,Italian Restaurant,Tailor Shop,Steakhouse,Spa,Cosmetics Shop,Hotel Bar,Clothing Store
"8th arrondissement(Called ""de l'Élysée"")",Faubourg-du-Roule,3,48.8747,2.3038,0,Hotel,French Restaurant,Italian Restaurant,Café,Cosmetics Shop,Spa,Clothing Store,Pastry Shop,Tailor Shop,Jewelry Store
"8th arrondissement(Called ""de l'Élysée"")",La Madeleine,3,48.87,2.3246,0,Hotel,Boutique,French Restaurant,Gourmet Shop,Hotel Bar,Plaza,Tea Room,Clothing Store,Men's Store,Bar
"8th arrondissement(Called ""de l'Élysée"")",Europe,3,48.8789,2.3235,0,Hotel,French Restaurant,Wine Bar,Italian Restaurant,Theater,Bar,Bistro,Bookstore,Cosmetics Shop,General Eating
"9th arrondissement(Called ""de l'Opéra"")",Saint-Georges,3,48.8804,2.3338,0,French Restaurant,Hotel,Italian Restaurant,Bakery,Cocktail Bar,Bistro,Music Venue,Japanese Restaurant,Chocolate Shop,Lounge
"9th arrondissement(Called ""de l'Opéra"")",Chaussée-d'Antin,3,48.8729,2.3304,0,Hotel,French Restaurant,Dessert Shop,Boutique,Gourmet Shop,Hotel Bar,Italian Restaurant,Plaza,Theater,Men's Store
"9th arrondissement(Called ""de l'Opéra"")",Faubourg-Montmartre,3,48.874,2.3422,0,French Restaurant,Hotel,Wine Bar,Bar,Vegetarian / Vegan Restaurant,Pizza Place,Coffee Shop,Japanese Restaurant,Burger Joint,Bistro
"9th arrondissement(Called ""de l'Opéra"")",Rochechouart,3,48.8801,2.345,0,French Restaurant,Bakery,Hotel,Vegetarian / Vegan Restaurant,Music Venue,Coffee Shop,Bar,Plaza,Thai Restaurant,Bistro
"10th arrondissement(Called ""de l'Entrepôt"")",Saint-Vincent-de-Paul,3,48.8799,2.3563,0,French Restaurant,Indian Restaurant,Japanese Restaurant,Hotel,Bistro,Coffee Shop,Bakery,African Restaurant,Italian Restaurant,Vegetarian / Vegan Restaurant
"10th arrondissement(Called ""de l'Entrepôt"")",Porte-Saint-Denis,3,48.8724,2.3528,0,Hotel,French Restaurant,Bar,Pizza Place,Cocktail Bar,Coffee Shop,Thai Restaurant,Italian Restaurant,Wine Bar,General Eating
"10th arrondissement(Called ""de l'Entrepôt"")",Porte-Saint-Martin,3,48.8722,2.3612,0,French Restaurant,Coffee Shop,General Eating,Italian Restaurant,Cocktail Bar,Pizza Place,Vegetarian / Vegan Restaurant,Bakery,Hotel,Bar
"10th arrondissement(Called ""de l'Entrepôt"")",Hôpital-Saint-Louis,3,48.8734,2.3698,0,French Restaurant,General Eating,Coffee Shop,Bar,Wine Bar,Bistro,Pizza Place,Italian Restaurant,Asian Restaurant,Vegetarian / Vegan Restaurant
"11th arrondissement(Called ""de Popincourt"")",Folie-Méricourt,3,48.867,2.3721,0,French Restaurant,Bar,General Eating,Wine Bar,Coffee Shop,Pizza Place,Bakery,Cocktail Bar,Vegetarian / Vegan Restaurant,Korean Restaurant
"11th arrondissement(Called ""de Popincourt"")",Saint-Ambroise,3,48.8618,2.3773,0,French Restaurant,Bar,Pizza Place,Bakery,Wine Bar,Bistro,Coffee Shop,Cocktail Bar,General Eating,Mexican Restaurant
"11th arrondissement(Called ""de Popincourt"")",La Roquette,3,48.8578,2.3802,0,French Restaurant,Bar,Italian Restaurant,Wine Bar,Pizza Place,Bistro,Cocktail Bar,Vietnamese Restaurant,Vegetarian / Vegan Restaurant,Asian Restaurant
"11th arrondissement(Called ""de Popincourt"")",Sainte-Marguerite,3,48.8527,2.392,0,French Restaurant,Bar,Bookstore,Café,Pizza Place,Bistro,Wine Bar,Hotel,Thai Restaurant,Coffee Shop
"12th arrondissement(Called ""de Reuilly"")",Bel-Air,3,48.8418,2.4053,0,French Restaurant,Hotel,Japanese Restaurant,Café,Supermarket,Plaza,Bistro,Bar,Gym / Fitness Center,Tram Station
"12th arrondissement(Called ""de Reuilly"")",Picpus,3,48.8396,2.3958,0,French Restaurant,Hotel,Bakery,Japanese Restaurant,Supermarket,Bistro,Bar,Gym / Fitness Center,Chinese Restaurant,Plaza
"12th arrondissement(Called ""de Reuilly"")",Bercy,3,48.8355,2.3857,0,French Restaurant,Hotel,Bistro,Italian Restaurant,Garden,Sandwich Place,Bookstore,Plaza,Coffee Shop,Food Truck
"12th arrondissement(Called ""de Reuilly"")",Quinze-Vingts,3,48.8487,2.3726,0,French Restaurant,Bar,Cocktail Bar,Hotel,Bookstore,Wine Bar,Pizza Place,Italian Restaurant,Record Shop,Vegetarian / Vegan Restaurant
"13th arrondissement(Called ""des Gobelins"")",Salpêtrière,3,48.8371,2.365,0,French Restaurant,Hotel,Italian Restaurant,Garden,Nightclub,Chinese Restaurant,Sushi Restaurant,Museum,Science Museum,Hotel Bar
"13th arrondissement(Called ""des Gobelins"")",La Gare,3,48.8336,2.3758,0,French Restaurant,Hotel,Sandwich Place,Coffee Shop,Italian Restaurant,Pub,Bookstore,Nightclub,Food Truck,Supermarket
"13th arrondissement(Called ""des Gobelins"")",Maison-Blanche,3,48.8258,2.3504,0,Vietnamese Restaurant,French Restaurant,Thai Restaurant,Bakery,Bar,Café,Asian Restaurant,Hotel,Gym / Fitness Center,Park
"13th arrondissement(Called ""des Gobelins"")",Croulebarbe,3,48.8348,2.3469,0,French Restaurant,Hotel,Bar,Bakery,Café,Thai Restaurant,Vietnamese Restaurant,Italian Restaurant,Farmers Market,Pizza Place
"14th arrondissement(Called ""de l'Observatoire"")",Montparnasse,3,48.8393,2.3305,0,French Restaurant,Creperie,Hotel,Bakery,Bar,Café,Italian Restaurant,Pizza Place,Theater,Japanese Restaurant
"14th arrondissement(Called ""de l'Observatoire"")",Parc Montsouris,3,48.8224,2.3401,0,Hotel,Bar,Bakery,Plaza,French Restaurant,Italian Restaurant,Vietnamese Restaurant,Café,Pizza Place,Supermarket
"14th arrondissement(Called ""de l'Observatoire"")",Petit-Montrouge,3,48.8289,2.3282,0,French Restaurant,Hotel,Italian Restaurant,Bar,Bakery,General Eating,Bistro,Vietnamese Restaurant,Pizza Place,Japanese Restaurant
"14th arrondissement(Called ""de l'Observatoire"")",Plaisance,3,48.8306,2.3193,0,French Restaurant,Hotel,Bakery,Italian Restaurant,Bar,Pizza Place,Seafood Restaurant,Bistro,Wine Shop,Vietnamese Restaurant
"15th arrondissement(Called ""de Vaugirard"")",Saint-Lambert,3,48.8345,2.3006,0,French Restaurant,Hotel,Bakery,Japanese Restaurant,Park,Gym,Pizza Place,Coffee Shop,Lebanese Restaurant,Thai Restaurant
"15th arrondissement(Called ""de Vaugirard"")",Necker,3,48.843,2.3126,0,French Restaurant,Hotel,Japanese Restaurant,Italian Restaurant,Creperie,Bistro,Dessert Shop,Korean Restaurant,Bakery,Pastry Shop
"15th arrondissement(Called ""de Vaugirard"")",Grenelle,3,48.8508,2.2925,0,French Restaurant,Hotel,Gym / Fitness Center,Bakery,Japanese Restaurant,Bistro,Plaza,Park,Korean Restaurant,Creperie
"15th arrondissement(Called ""de Vaugirard"")",Javel,3,48.8369,2.2787,0,French Restaurant,Hotel,Bakery,Japanese Restaurant,Pizza Place,Sandwich Place,Park,Bistro,Lebanese Restaurant,Gym / Fitness Center
"16th arrondissement(Called ""de Passy"")",Auteuil,3,48.8491,2.2663,0,French Restaurant,Italian Restaurant,Bistro,Bakery,Japanese Restaurant,Harbor / Marina,Beer Garden,Brasserie,Tennis Court,Pharmacy
"16th arrondissement(Called ""de Passy"")",La Muette,3,48.8582,2.2748,0,French Restaurant,Italian Restaurant,Bakery,Hotel,Plaza,Supermarket,Japanese Restaurant,Café,Garden,Chinese Restaurant
"16th arrondissement(Called ""de Passy"")",Porte-Dauphine,3,48.8717,2.2757,0,French Restaurant,Italian Restaurant,Bakery,Café,Hotel,Plaza,Grocery Store,Pizza Place,Sushi Restaurant,Gym / Fitness Center
"16th arrondissement(Called ""de Passy"")",Chaillot,3,48.8689,2.2916,0,Hotel,French Restaurant,Italian Restaurant,Plaza,Bakery,Hotel Bar,Art Museum,Tailor Shop,Bagel Shop,Nightclub
"17th arrondissement(Called ""des Batignolles-Monceau"")",Les Ternes,3,48.8799,2.293,0,French Restaurant,Hotel,Italian Restaurant,Bakery,Plaza,Bistro,Bagel Shop,Tea Room,Pizza Place,Gym / Fitness Center
"17th arrondissement(Called ""des Batignolles-Monceau"")",Plaine Monceau,3,48.8843,2.3027,0,French Restaurant,Hotel,Italian Restaurant,Bakery,General Eating,Plaza,Japanese Restaurant,Seafood Restaurant,Farmers Market,Pastry Shop
"17th arrondissement(Called ""des Batignolles-Monceau"")",Batignolles,3,48.8873,2.3139,0,French Restaurant,Bar,Hotel,General Eating,Wine Bar,Italian Restaurant,Pastry Shop,Farmers Market,Park,Gym / Fitness Center
"17th arrondissement(Called ""des Batignolles-Monceau"")",Épinettes,3,48.8932,2.3236,0,French Restaurant,Bar,Bakery,General Eating,Wine Bar,Italian Restaurant,Pizza Place,Park,Gym / Fitness Center,Sushi Restaurant
"18th arrondissement(Called ""des Buttes-Montmartre"")",Grandes-Carrières,3,48.8905,2.3318,0,French Restaurant,Bar,Italian Restaurant,Bistro,Bakery,Plaza,Wine Bar,Café,Gym / Fitness Center,Beer Bar
"18th arrondissement(Called ""des Buttes-Montmartre"")",Clignancourt,3,48.8884,2.3481,0,French Restaurant,Bar,Italian Restaurant,Bakery,Bistro,Pizza Place,Plaza,Café,Gift Shop,Park
"18th arrondissement(Called ""des Buttes-Montmartre"")",Goutte-d'Or,3,48.8887,2.3556,0,French Restaurant,Bar,Bistro,Indian Restaurant,Hotel,General Eating,Asian Restaurant,Vegetarian / Vegan Restaurant,Theater,Italian Restaurant
"18th arrondissement(Called ""des Buttes-Montmartre"")",La Chapelle,3,48.8932,2.3634,0,Hotel,Supermarket,French Restaurant,Bistro,Café,Tram Station,Bar,Asian Restaurant,Garden,Bus Stop
"19th arrondissement(Called ""des Buttes-Chaumont"")",La Villette,3,48.8938,2.3903,0,Bar,Hotel,French Restaurant,General Eating,Pizza Place,Fast Food Restaurant,Bistro,Café,Music Venue,Tram Station
"19th arrondissement(Called ""des Buttes-Chaumont"")",Pont-de-Flandre,3,48.8959,2.3836,0,Hotel,French Restaurant,Café,General Eating,Bistro,Music Venue,Shopping Mall,Bar,Bakery,Multiplex
"19th arrondissement(Called ""des Buttes-Chaumont"")",Amérique,3,48.8811,2.3938,0,French Restaurant,Bar,Supermarket,Japanese Restaurant,Theater,Café,General Eating,Bistro,Hotel,Park
"19th arrondissement(Called ""des Buttes-Chaumont"")",Combat,3,48.8789,2.3784,0,Bar,French Restaurant,Café,General Eating,Chinese Restaurant,Cocktail Bar,Thai Restaurant,Park,Wine Bar,Italian Restaurant
"20th arrondissement(Called ""de Ménilmontant"")",Belleville,3,48.8728,2.3895,0,Bar,French Restaurant,General Eating,Café,Chinese Restaurant,Vietnamese Restaurant,Indian Restaurant,Cocktail Bar,Italian Restaurant,Park
"20th arrondissement(Called ""de Ménilmontant"")",Saint-Fargeau,3,48.8714,2.4034,0,Bar,Plaza,French Restaurant,Bakery,Supermarket,Bistro,Café,Italian Restaurant,Indian Restaurant,Diner
"20th arrondissement(Called ""de Ménilmontant"")",Père-Lachaise,3,48.8614,2.3933,0,Bar,French Restaurant,Italian Restaurant,Bistro,Bookstore,Beer Bar,Moroccan Restaurant,Theater,Thai Restaurant,Vietnamese Restaurant
"20th arrondissement(Called ""de Ménilmontant"")",Charonne,3,48.8527,2.4061,0,French Restaurant,Bar,Japanese Restaurant,Hotel,Pizza Place,Plaza,Supermarket,Farmers Market,Bistro,Café
